employer_website,job_id,job_employment_type,job_title,job_apply_link,job_description,job_city,job_country,job_posted_at_timestamp,employer_company_type
,vebICl0c92QAAAAAAAAAAA==,FULLTIME,Data Scientist / Engineer - Freelance [Remote],https://ca.linkedin.com/jobs/view/data-scientist-engineer-freelance-remote-at-braintrust-3647566075,"ABOUT US:

Braintrust is a user-owned talent network that connects you with great jobs with no fees or membership costs—so you keep 100% of what you earn.

ABOUT THE HIRING PROCESS:

When you join Braintrust, you will be invited to a screening process for Braintrust to learn more about your previous work experiences. Once completed, you will have access to the employer for this role and other top companies that seek high-quality talent. Apply to this job to kick off the process.
• JOB TYPE: Freelance, Contract Position (no agencies/C2C - see notes below)
• LOCATION: Remote - Work from anywhere (TimeZone: CST | Partial overlap)
• HOURLY RANGE: Our client is looking to pay $125 – $150/hr
• ESTIMATED DURATION: 30h/week - Long term
• BRAINTRUST JOB ID: 6961
THE OPPORTUNITY Requirements Job description Our client is looking for a talented data engineer who can help us build an internal database. The project involves working with several datasets, entity resolution to create mappings across those datasets, creating derived metrics and data concepts, and then connecting this data to a new internal UI that they are building. Fast-moving startup looking to build something exciting and dynamic, and they are looking for someone to join the team and match our energy. Must haves
• SQL
• Python
• ETL Superstar
A good understanding of Snowflake will be excellent in this position as well. What you’ll be working on Company Overview Our client is a founder-focused seed-stage venture firm combined with an industry-grade therapeutics accelerator focused on one thing: helping entrepreneurial founders launch viable therapeutics companies. The company does this by giving founders access to a team of the world’s best drug hunters and drug makers, seed capital, and best-of-breed services - everything a founder needs to get from concept to a compelling quality dataset that enables an awesome Series A financing. In a nutshell, they want founders in control of their own companies and focused on their expertise and creativity while they help make the rest happen smoothly. Apply Now!

C2C Candidates: This role is not available to C2C candidates working with an agency. If you are a professional contractor who has created an LLC/corp around their consulting practice, this is well aligned with Braintrust and we’d welcome your application.

Braintrust values the multitude of talents and perspectives that a diverse workforce brings. All qualified applicants will receive consideration for employment without regard to race, national origin, religion, age, color, sex, sexual orientation, gender identity, disability, or protected veteran status.",Toronto,CA,1687873982,
,JjDMJpYTA1UAAAAAAAAAAA==,FULLTIME,Data Engineer,https://ca.linkedin.com/jobs/view/data-engineer-at-vretta-inc-3648804052,"Vretta is looking for a Data Engineer to join our Data and Evaluation team. This position requires excellent communication skills, creative problem solving ability, and a sound technical ability to be able to understand requirements, develop technological solutions for data analysis, collaborate with the data engineering and development team, and maintain processes that support student learning and assessment. As a member of the Data and Evaluation team at Vretta, the Data Engineer must have the attitude and energy to innovate and build solutions that support student success.

Responsibilities
• Validate technical requirements and communicate implementation strategies.
• Develop APIs in collaboration with Instructional Designers, Data Engineers, and other members of the development and technical team to deliver projects.
• Document APIs, especially in relation to the underlying data model.
• Use existing code components to implement new projects.
• Maintain and modify existing APIs.
• Debug, test, and deploy software implementations.
• Interact with key partners and internal users regarding timelines, technical issues, and infrastructure integration.
• Provide recommendations for improvements in the overall development process.
• Ensure work progress to schedule and keep (internal) customers informed of project progress.
• Stay current with relevant research, techniques, technology, and other factors impacting the job.

Requirements
• At least two years experience in software development.
• Undergraduate degree in Computer Science (or equivalent).
• Experience with modern JavaScript (server-side JavaScript, package management, module loading).
• Experience with REST APIs.
• Strong experience writing & understanding complex SQL queries.
• Ability to effectively communicate technical concepts to other technical staff members.
• Superior time management skills, and the ability to prioritize tasks with minimal supervision.
• High level of critical and logical thinking, analysis, and/or reasoning to identify underlying principles, reasons, or facts.

Experience with any of the following is an asset
• TypeScript
• WebPack
• MySQL, MariaDB
• R
• Linear Optimization
• Statistical Techniques
• Data modeling
• Automated testing

About Vretta

We have dedicated the past 13 years towards the modernization of assessment and learning experiences that have transformed educational practices for ministries of education, academic institutions, examination bodies, and training organizations around the world. Today, our team of over 100 architects, designers, technologists, psychometricians, and project ninjas support our partners transition from legacy e-assessment and learning systems to world-class technology solutions that are efficient, equitable, flexible, and drive student-success. We welcome you to join us on our mission of giving every student the opportunity to succeed in their academic lives and beyond.

Applying

We look forward to hearing from you, but please note that due to the volume of applications that we usually receive for our job positions, only those shortlisted for next steps will be contacted. Vretta is committed to providing reasonable accommodations for people with disabilities. If you require an accommodation, we will work with you to meet your needs in all stages of the hiring process.

To stay in touch with Vretta and keep up-to-date on all open opportunities, follow us on LinkedIn, Facebook, and Twitter!",,CA,1687883077,
http://www.td.com,6xYf7P4bXnAAAAAAAAAAAA==,FULLTIME,Data Engineer- EN,https://ca.linkedin.com/jobs/view/data-engineer-en-at-td-3648823106,"TD Description

Tell us your story. Don't go unnoticed. Explain why you're a winning candidate. Think ""TD"" if you crave meaningful work and embrace change like we do. We are a trusted North American leader that cares about people and inspires them to grow and move forward.

Stay current and competitive. Carve out a career for yourself. Grow with us. Here's our story: jobs.td.com

Department Overview

Building a World-Class, Diverse and Inclusive Technology Team at TD

We can't afford to be boring. Neither can you. The scale and scope of what TD does may surprise you. The rapid pace of change makes it a business imperative for us to be smart and open-minded in the way we think about technology. TD's technology and business teams become more intertwined as new opportunities present themselves. This new era in banking does not equal boring. Not at TD, anyway.

The TDS Veritas Platform is the cross-asset pricing and risk management platform for TD Securities. TDS Veritas is also the strategic storage and compute infrastructure for numerous business-aligned products used by front office users as well as risk management functions in the Investment Bank. Within the wider platform team, the TDS Veritas Data Interfaces team is responsible for sourcing and curating Trade, Market Data and Reference Data information.

There's room to grow in all of it.

Job Description

About This Role

We are looking for a savvy Data Engineer (Engineer II) to join our growing team of engineers. The hire will be responsible for maintaining our current our data pipelines and be a key contributor as we design the next generation of cloud native data and analytics platform.

The ideal candidate is an experienced data pipeline builder and data wrangler who understands the Capital Markets domain and enjoys optimizing data systems and building them from the ground up. They must be self-directed and comfortable supporting the data needs of multiple teams, systems, and products. The right candidate will be excited by the prospect of optimizing or even re-designing our company’s data architecture to support our next generation of products and data initiatives.

Responsibilities
• Create and maintain optimal data pipeline architecture
• Implement data products curated by our Chief Data Office, as well as custom data models for fit for use.
• Ensure data quality and integrity across various data sources and systems to ensure data accuracy, completeness, and reliability.
• Optimize data pipelines for performance and scalability.
• Provide technical support to promptly resolve escalated incidents/outages.
• Develop and document a detailed solution design, impart your subject matter expertise throughout life cycle.
• Take business, Enterprise Architecture, system performance and development standards requirements, then develop functional, technical and user interface designs for an application and/or system.
• Find ways to keep costs low, help come up with strategic solutions to support cost effectiveness and enhance stakeholder experience.
• Conduct code reviews to address quality, standards compliance, reusability and ease of maintenance, Operational Readiness Reviews, and support gating and review sign-offs for solution design.
• Ensure design leverages existing reusable components, traces back to business requirements, and that new modules are designed with reusability in mind.
• Keep up to date with the latest industry trends and technologies related to data engineering.

Job Requirements

What can you bring to TD? Share your credentials, but your relevant experience and knowledge can be just as likely to get our attention. It helps if you have:

Preferred Qualifications
• Undergraduate Degree.
• 8+ years of relevant experience in a related field of job function.
• Experience with: Java, Spring,
• Some Experience to Big Data Tools such as : Hadoop, HDFS, ADLS, ADF, Spark, Kafka, Databricks, Dremio etc.
• Experience with relational SQL and NoSQL databases, including Cassandra.
• Experience designing production grade, scalable applications and microservices.

Nice to have
• Experience in Python, Scala
• Experience in Capital Markets
• Experience working on Agile Teams

Desired Interpersonal Skills
• Takes great personal pride in building robust software
• Strong sense of ownership
• Passionate about programming and computer science
• Enjoys working in a fast-paced environment
• Has excellent written and verbal communication skills
• Has strong customer focus

Additional Information

Join in on what others in TD Technology Solutions are doing:
• Inspire a positive work environment and help champion quality, innovation, teamwork and service to the business.
• Learn voraciously, stretch your thinking, share your knowledge and educate others.
• Communicate and collaborate with both technical and non-technical professionals.
• Cultivate winning relationships by building trust with business and technology partners.
• Share our commitment to productivity, effectiveness and operational efficiency.

Inclusiveness

At TD, we are committed to fostering an inclusive, accessible environment, where all employees and customers feel valued, respected and supported. We are dedicated to building a workforce that reflects the diversity of our customers and communities in which we live and serve. If you require an accommodation for the recruitment/interview process (including alternate formats of materials, or accessible meeting rooms or other accommodation), please let us know and we will work with you to meet your needs.",Toronto,CA,1687886125,Finance
,7L4tcZzjTDEAAAAAAAAAAA==,FULLTIME,Data Engineer,https://ca.linkedin.com/jobs/view/data-engineer-at-online-business-systems-3642770946,"We are seeking an experienced Data Engineer with expertise in ETL and BI toolsets to join our Technology Consulting team. You will work with amazing development teams on a variety of assignments with different clients. By gathering requirements, doing analysis, and consulting with clients, you will be able to lay a solid data foundation to perform robust analytics. You will have the opportunity to build your technical skills and expertise in both ETL and BI as well as expand your consulting skills. You are a team player with a true passion for data and a desire to learn and grow in your career.

What you’ll do:
• Design ETL process and data flow from source systems to data warehouse.
• Develop and unit test ETL processes for optimal performance and performance-tune ETL mappings and report queries.
• Design and develop Business Intelligence solutions to meet end user demands.
• Design physical database objects including fact tables, dimensions, staging, materialized views, and indexes.

What we’d like:
• Ability to interact with clients and business users and analyze complex business requirements.
• Hands-on experience in tuning ETL jobs to reduce run-time and increase efficiency through code tuning, hardware deployment, and architecture changes.
• Experience designing and building BI visualizations to meet client needs.
• Experience with ETL tools such as Ab Initio, Informatica, Microsoft SSIS, IBM DataStage, SAP Data Services etc.
• Experience with BI tools such as Tableau, Power BI, and MicroStrategy.
• Practical experience with Windows, UNIX, relational databases (Oracle, SQL Server), SQL, and/or Oracle PL/SQL.
• Strong understanding of data warehousing architectures, core concepts, methodologies, and best practices.
• Detail oriented with analytical and problem-solving skills to recognize and identify issues and take proper action to resolve them.
• Experience using software development tools such as Azure DevOps, JIRA, Confluence, Source Code Management, and CI/CD pipelines is considered an asset.
• Up to date on latest technology trends.
• Experience with AWS, Azure and/or GCP is an asset.
• Experience with Python is an asset.
• Experience with AI and Machine Learning is an asset

Why Work with Us?

Our story began in 1986 in Winnipeg, Canada, where our CEO grew a small team of University friends into an award-winning Digital Transformation and Cybersecurity consultancy with over 350 team members across North America and EMEA. We have the stability of a larger company but the heart of a small company, even as we continue to grow. We have been on the “Best Workplaces in Canada” list for the past 17 years and you’ll understand why when you read what our team members say on Glassdoor (https://www.glassdoor.ca/Overview/Working-at-Online-Business-Systems-EI_IE373050.11,34.htm).

We offer a competitive compensation and benefits package as well as:

• Professional Development budget and time

• Tech-enablement program for home use

• Career Mentor to help you grow in your career

• RRSP/401K match program

• Bonus programs to reward you for your accomplishments

• Wellness program to keep you healthy

• Opportunities to connect – book clubs, games nights, Special Interest Groups, “Coffee & Code” for our developer friends, Team Meetings, and much more

Online firmly believes in respect, equity, and equality and in providing EVERYONE equal opportunity to apply and succeed in their role. We are committed to creating and maintaining an inclusive and accessible environment for everyone.",,CA,1687882618,
,VxtzuSsowMQAAAAAAAAAAA==,FULLTIME,Senior Data Engineer,https://ca.linkedin.com/jobs/view/senior-data-engineer-at-sstech-usa-group-3645664420,"FULL STACK DATA ENGINEER

We are looking for an experienced Full Stack Data Engineer to join our team for building a next-generation data platform built on Data Mesh architecture/principles. The ideal candidate should have extensive hands-on experience in building a big data platform, Big Data Technologies, Data Pipelines, backend development using Python, BI/Analytics tools as well as experience with DevOps, AWS, and UI Development in Angular JS. You will be responsible for designing, developing, and maintaining our web applications and data pipelines, as well as implementing CI/CD best practices.

RESPONSIBILITIES
• Design, build, and maintain scalable and efficient data platforms using data engineering technologies such as Glue, EMR, Athena, Redshift, Lake Formation, Apache Spark, Hive, HDFS, and Trino.
• Build/manage data pipelines, and common data-related cross-cutting concerns like data catalog, data lineage, data quality, data profiling, data discovery, metadata management
• Develop and maintain web applications using AngularJS and Python.
• Build/manage BI/Analytical dashboard reducing time to insight for the business stakeholders.
• Implement CI/CD pipelines using Terraform, Jenkins, Github actions, and Gitflow.
• Collaborate with cross-functional teams to develop and implement new features.
• Write clean, reusable, and efficient code.
• Participate in code reviews and ensure code quality.
• Develop and maintain APIs using Python and ensure API security and best practices are implemented.
• Implement SSO integration with Microsoft Azure AD using oAuth, OIDC, and SAML.
• Implement integration with AWS Cognito for user authentication and authorization.
• Ensure the application is optimized for maximum speed and scalability.
• Troubleshoot and debug issues as they arise.
• Implement DevOps best practices to ensure efficient application deployment and management.
• Collaborate with data scientists and analysts to integrate data analytics solutions with web applications.
• Stay up to date with emerging trends and technologies.

Must have
• 8+ years of experience in similar positions
• Hands-on Experience with data engineering technologies such as AWS Glue, EMR, Athena, Redshift, Lake Formation, Apache Spark, Apache Hive, Apache Airflow, S3FS, Apache Hudi, and Trino.
• Extensive experience in building data pipelines using orchestration tools like Apache Airflow.
• Hands-on experience in building cross-cutting concerns like data catalog, data lineage, data quality, data profiling, data discovery, metadata management
• Proven experience as a Full Stack Developer with AngularJS and Python.
• Strong understanding of web development technologies including HTML, CSS, and JavaScript.
• Experience working with RESTful APIs and JSON.
• Familiarity with microservices architecture.
• Experience with core AWS technologies such as EC2, ELB, Auto Scaling, S3, EFS, Lambda, API

Gateway, Step Functions, Cloudwatch, VPC, Route 53, ACM
• Hands on experience with SQL and NoSQL databases.
• Hands experience with BI tools like Tableau, AWS QuickSight
• Experience with Git or other version control systems.
• Understanding of agile development methodologies.
• Strong problem-solving skills.
• Excellent written and verbal communication skills.
• Ability to work independently and collaboratively in a team environment.
• Experience with cloud platforms such as AWS.
• Bachelor's degree in Computer Science, Engineering, or related field

Nice to have
• Agile, Scrum framework 2+ years' experience on past projects
• Knowledge of containerization technologies like Docker or Kubernetes.
• Experience with front-end frameworks like React or Vue.js.
• Experience with DevOps and CI/CD best practices.
• Experience with Terraform and the AWS provider.
• Experience with API development, security, and best practices.
• Experience with SSO integration with Microsoft Azure AD using oAuth, OIDC, and SAML.
• Experience with integration with AWS Cognito for user authentication and authorization",Toronto,CA,1687877866,
http://www.pleo.io,zL0ozcNJC40AAAAAAAAAAA==,FULLTIME,Staff Data Engineer,https://ca.linkedin.com/jobs/view/staff-data-engineer-at-pleo-3645664424,"We’re looking for you, a Staff Data Engineer in our Analytical Empowerment Team, to help enable the whole company to unearth the treasure of data.

You are someone that wants to be part of a team that thrives on solving the knotty problems of getting the right data to the right people, on ensuring high-speed, safe and accurate processing, on building potent data tools, on understanding how the whole data landscape of Pleo looks.

You won't only be part of the data team, but part of the whole Pleo team: artisans looking to be challenged, wise sages looking to learn. You'll work with pretty much everyone aside from the usual suspects. We’re talking about designers, product managers, customer success people and that sort of thing; they're going to crave your solutions. We're looking for an architect of happiness and simplicity. We don't want to share a complicated product to our clients, and you will also have a big say in that.

We are strong advocates for diversity here. The engineering team at Pleo is made of people coming from different backgrounds. A Nordic-born company with women, men, aliens and shooting stars from Slovenians, South Africans to Danes and Canadians, in the office but also remotely throughout the world. We even sometimes travel together to explore!

So, what's Data & Analytics at Pleo like?

The Data & Analytics Group shares a vision to stop the guessing game and unlock growth for Pleo    This means you’ll be focussing a lot of attention on data culture, strategy and empowerment of our stakeholders and deal with a wide variety of data and insights across Pleo. We want to make data human and accessible, and are building an internal data & analytics platform with robust, timely and well-structured data that empowers the whole of the company to build on top of it and do amazing things.

The Analytics Empowerment Team

The mission of the Analytical Empowerment Team is to empower every Pleo’er to take data-inspired actions via a robust and scalable analytics infrastructure. It is the responsibility of Data Engineers in the team to provide the tools, best practices and expert guidance for how to use the infrastructure.

We believe you will thrive in this role if you
• Have a passion for both engineering and data and understand how they tie together
• Like to reason about how data flows through systems and how to build compliant, user-friendly and cost-efficient data infrastructure
• Are driven to improve the skills, knowledge and capability of the people around you
• Know your way around the modern data engineering ecosystem and are comfortable with the DevOps way of doing things
• Are comfortable with most key data engineering tools like SQL, Python, Kubernetes, Kafka, AirFlow, Terraform, AWS/GCP or DBT

Your colleagues say you
• Bring a solution-centric mindset
• Are very curious about the story and the people behind the data
• Are a continuous learner & systematic thinker
• Are a person they would also enjoy having a coffee with (virtual or not)

In your first year you will work on:
• Growing the ecosystem that allows access to data across the company, including Business Stakeholders, other Engineers, and Data Analysts / Scientists;
• Optimising how data is prepared in our data warehouse, to reduce costs and improve latency and availability
• Seeking out the tools we need to improve observability and discoverability of our data;
• Rolling out the next iteration of our data infrastructure;
• Actively sharing knowledge, and looking for opportunities to help grow the skills and capabilities of other data engineers

Show me the benefits!
• Your own Pleo card (no more out-of-pocket spending!)
• Lunch is on us - whether you are working remote or at one of our offices   
• Private Health Insurance to ensure you’re fit of body and mind to do your best work
• Flexible work: working from home when you want, where you want, why you want to (we trust you)
• Trips abroad for team camps. Last year we went to Croatia - we'd love to see you at the next one!
• 25 days of holiday per year + your local public holidays
• Paid parental leave - we want to make sure that we're supportive of families and help you feel that you don't have to compromise your family due to work     
• €2500 annual Flex Benefits budget (maybe you want to buy additional holidays, pay for the gym, book a professional coach or pay part of your MBA - completely up to you!). We know everybody prioritises different benefits. So, our Flex Benefits package lets you choose what best suits you. Ask us about what we offer, we’ll be happy to outline more!

Why join us?

Working at Pleo means you're working on something very exciting: the future of work. Through fintech we've seen a way to impact how people work; we think company spending should be delegated to all employees and teams, that it should be as automated as possible, and that it should drive a culture of responsible spending. Based on some pretty amazing Series C-round investment in 2021 we think we're onto something big.

So, in a nutshell, that's Pleo. Today we are a 800+ team, from over 100 nations, sitting in our Copenhagen HQ, London, Stockholm, Berlin, Madrid, Montreal, or Lisbon offices —and quite a few full-time remotes in 35 other countries! Being HQ'd out of Copenhagen means we're inspired by sensible things like a good work-life balance. If you don't work in the office with us we'll help you get up the best remote setup possible and will fly you in for our amazing team camps ✈️

About Your Application
• Please submit your application in English; it’s our company language so you’ll be speaking lots of it if you join   
• We treat all candidates equally: If you are interested please apply through our application system - any correspondence should come from there! Our lovely support isn't able to pass on any calls/ emails our way - and this makes sure that the candidate experience is smooth and fair to everyone   
• We’re on a mission to make everyone feel valued at work. That’s only achievable if our team reflects the diversity of the world around us - and that starts with you, hitting apply, even if you are worried you might not tick all the boxes! We embrace and encourage people from all backgrounds to apply - regardless of race/ethnicity, colour, religion, nationality, gender, sex, sexual orientation, age, marital status, disability, neurodiversity, socio-economic status, culture or beliefs
• When you submit an application we process your personal data as a data processor. Find out more about how your data is used in the FAQs section at the bottom of our jobs page",Montréal,CA,1687878080,
http://www.teemagroup.com,97q8QFbq2nwAAAAAAAAAAA==,CONTRACTOR,Data Engineer,https://ca.linkedin.com/jobs/view/data-engineer-at-teema-solutions-group-3642782614,"Job Description

The Data and Quality Assurance Engineer is responsible for embedding quality into our existing processes, optimizing the checking and review process, enhancing the tools used in engineering model deliverables, and developing predictive and proactive metrics.

Duties/Accountabilities
• Develop and implement quality control plans for projects to ensure compliance with established quality standards and customer requirements.
• Identify and implement process improvements to optimize the checking and review process for engineering model deliverables.
• Collaborate with cross-functional teams to embed quality into existing processes.
• Develop and maintain tools to improve the quality of engineering model deliverables.
• Develop predictive and proactive metrics to identify potential quality issues before they arise.
• Analyze data to identify trends and patterns in project performance and quality.
• Use Power BI, Excel, and other data visualization tools to present data insights clearly to different levels of the organization.
• Work closely with cross-functional teams to understand data requirements and develop data collection processes to ensure quality data is available for analysis.
• Develop and maintain a centralized data repository for project data.
• Use statistical analysis techniques to identify root causes of quality issues and develop recommendations for improvement.
• Collaborate with teams to develop action plans to address identified quality issues.
• Develop training materials and provide training to team members on quality control processes, data analysis, and presentation techniques.
• Communicate with customers to share data insights and provide recommendations for improvement.

Education and Experience
• Bachelor's degree in engineering, quality assurance, data analysis, or related field
• 5+ years of experience in project quality control, quality assurance, data analysis, or related field.
• Candidates have P.Eng. or EIT professional designation are preferred.

Skills, Knowledge and Required Competencies
• Strong analytical and problem-solving skills.
• Knowledge of quality management systems and industry standards, lean six-sigma.
• Experience with engineering models, 3D models, shipbuilding, and related tools.
• Proficient in Power BI, Excel, DAX, Pivot tables, power query, and other data visualization tools.
• Knowledge of statistical analysis techniques.
• Excellent communication and interpersonal skills.
• Ability to work independently and as part of a team.
• Ability to communicate data insights clearly to different levels of the organization.",Vancouver,CA,1687887391,
,hGaJyw17rh8AAAAAAAAAAA==,FULLTIME,Senior Data Engineer,https://ca.linkedin.com/jobs/view/senior-data-engineer-at-egen-3642771305,"Egen is a data engineering and cloud modernization firm helping industry-leading companies achieve digital breakthroughs and deliver for the future, today. We are catalysts for change who create digital breakthroughs at warp speed. Our team of cloud and data engineering experts are trusted by top clients in pursuit of the extraordinary. An Inc. 5000 Fastest Growing Company 7 times, and recently recognized on the Crain’s Chicago Business Fast 50 list, Egen has also been recognized as a Great Place to Work 4 times.

You will join a team of insatiably curious data engineers, software architects, and product experts who never settle for ""good enough"". Our Data Engineering teams build scalable data platforms and fault-tolerant pipelines for modern analytics and AI services using Python, SQL, Linux, Bash, and AWS, GCP, or Azure data storage and warehousing services.

As a Senior Data Engineer, you will be the subject matter expert in building event-driven data pipelines, supporting & solving data integration challenges, and cloud-native data warehouse and data lake processing.

Responsibilities:
• Lead and develop passionate data engineering teams to design and develop distributed and event-driven data pipelines with cloud-native data stores such as Snowflake, Redshift, Big Query, or ADW.
• Design, document, and lead development of end-to-end data product pipelines
• Consult business, product, and data science teams to understand end-user requirements or analytics needs to implement the most appropriate data platform technology and scalable data engineering practices.
• Prepare data mapping, data flow, production support, and pipeline documentation for all projects.
• Lead data engineering and/or operations teams in delivering completeness of source system data by performing a profiling analysis and triaging issues reported in production systems.
• Facilitate fast and efficient data migrations through a deep understanding of design, mapping, implementation, management, and support of distributed data pipelines.

What we're looking for:
• Minimum of Bachelor’s Degree or its equivalent in Computer Science, Computer Information Systems, Information Technology and Management, Electrical Engineering or a related field.
• You have productionized real-time data pipelines through EDA leveraging Kafka or a similar service.
• You know what it takes to build and run resilient data pipelines in production and have experience implementing ETL/ELT to load a multi-terabyte enterprise data warehouse.
• You have a strong understanding and exposure to data mesh principles in building modern data-driven products and platforms
• You have a strong background in distributed data warehousing with Snowflake, Redshift, Big Query, and/or Azure Data Warehouse.
• You have expert programming/scripting knowledge in building and managing ETL pipelines using SQL, Python, and Bash.
• You have implemented analytics applications using multiple database technologies, such as relational, multidimensional (OLAP), key-value, document, or graph.",,CA,1687881297,
http://www.altusgroup.com,VBO_9uM8i1cAAAAAAAAAAA==,FULLTIME,Senior Data Engineer,https://ca.linkedin.com/jobs/view/senior-data-engineer-at-altus-group-3645671441,"Job Category

Technology

Pay Range

$66,605.00 - $155,405.00

Disclaimer: The base salary range represents the low and high end of the Altus Group’s salary range for this position in the primary work location. Actual salaries will vary depending on factors including but not limited to location, experience, and performance. The pay range listed above does not reflect Altus Group’s total compensation for employees. Other rewards may include an annual bonus, flexible work arrangements, and many region-specific benefits.

Opportunity Awaits at Altus Group!

The Opportunity 

 

We are currently looking for a Senior Data Engineer to join our team. This is an essential role within our Research & Development Team. Our new Senior Data Engineer will create data and software systems that make commercial real estate information more accessible and actionable for our users, while tackling hard challenges everyday across several languages and problem spaces. Our engineers also play a major role in the future architecture of an expanding platform, and everyone on our team must play a role in building our technology roadmap. 

 

Our new Senior Data Engineer will:   
• Lead and collaborate with engineering team to design, build, and maintain our software systems 
• Write high quality code, participate actively in code reviews, and consistently help to ship software, mentor others, and grow culture and team 
• Work with Product team and other Engineers to maximize company ability to quickly leverage data and meet customers’ needs 
• Deliver product features with high user value 
• Drive revenue through enhanced features and a reliable product 
• Achieve higher quality code every day (more reliable, scalable, performant, secure, etc.) 
• Minimize the impact of defects, user errors, and other aspects on our technical products 

 

Our new Senior Data Engineer will have:   
• The experience. 4+ years in a Senior Data Engineer capacity.
• Experience building online SaaS software applications and services 
• Experience with complex data systems and large data sets 

Data Collection
• Build the infrastructure required for optimal extraction, transformation and loading of data from a wide variety of data sources using SQL, Python and AWS services (ie: Step Functions, Lambda, Glue, S3, Redshift)
• Create and maintain optimal data pipeline architecture
• Identify opportunities for automation within the data platform

Data Storage
• Create data models based on business objectives to determine how data can be stored and organized to support business processes
• Design and implement improvements to data structures or adding new features as needed to support changing business requirements
• Design, develop, maintain and deploy business’ data warehouse and datalake

Data Enrichment
• Build and maintain the master data management service to act as a single source of truth for entity resolution
• Collaborate with the data science team to understand and integrate predictive and prescriptive models onto the data platform

Data Consumption
• Create derived domains based on ingested, enriched and mastered data sources
• Experience working with any Cloud system like AWS, Azure, GCP. 
• AWS is preferrable with knowledge on Lambda, S3, AWS Simple Notification services (SNS), RDS
• Serverless experience  
• CI/CD experience with any deployment tools like Jenkins, ADO 
• Jenkins / Jenkins-pipeline-script
• Unit and Integration Testing
• GITHUB as source control and/or experience of working with ADO
• Performing peer code review

Who you are  
• Team Player. You are always looking to build better software through collaboration while also motivating the team by sharing own success and failures. 
• Constant Learner. You have the drive to seek new technologies, platforms, and approaches to solve software problems that will ultimately better themselves. 
• Results Oriented. You get work done efficiently, do what it takes to achieve commitments, and help everyone resolve user facing issues as quickly as possible. 
• Attention to Detail. You get it right the first time, avoid unforeseen defects, and focus on user impact. 
• Experience of agile development methodologies

Come realize your potential at Altus Group!

Altus Group is committed to fostering an inclusive and accessible environment where employees feel valued and respected, and where every employee has the opportunity to realize their potential. We are committed to providing reasonable accommodations, if required, and will work with you to meet your needs. If you are a person with a disability and require assistance during the application process, please contact us at accessibility@altusgroup.com or 416-641-9500.",Toronto,CA,1687880742,
,Akhj48dquY4AAAAAAAAAAA==,FULLTIME,Data Engineer (Equest),https://ca.linkedin.com/jobs/view/data-engineer-equest-at-bcjobs-3645429412,"Data Engineer

Surrey (King George Hub), BC, 13630 George Jct #115, Surrey, British Columbia, Canada Req #1222

Thursday, August 25, 2022

We're searching for a Data Engineer. Are you searching for new possibilities?

Westland Insurance Group Ltd. has an exciting opportunity for a Data Engineer located in our brand new hybrid head office in Surrey, BC. As an early hire on a new team, your impact will be significant. You will collaborate with leaders across the organization to influence and execute on an ambitious analytics roadmap that extends across insurance operations, marketing, finance, and other departments.

Discover What's Possible, With Westland.

The Westland story is all about growth, and that means plenty of possibility for everyone on our team. Every day, Westland proves that building a great business means taking care of communities, clients, and each other with equal commitment. As we continue to open new doors, we're inviting amazing people like you to join us.

As a Data Engineer, you have the unique opportunity to lead an ambitious data analytics roadmap that will extend across operations, marketing, finance, human resources, and other departments.

Interested in learning more?

Why You'll Love Westland
• An open, flexible and welcoming workplace
• Plenty of opportunities to grow and learn
• Autonomy to own your own success
• Total rewards program that takes care of your financial, physical, and mental health
• Amplifying Communities, a program to support causes that matter most to our employees

Why We'll Love You
• You're curious about the business and love learning about best practices and tools, identifying opportunities to implement improvements
• Expertise in building cloud-based data pipelines, ideally with Azure and/or Databricks
• Deep experience with SQL, Python/R, git, dbt, Spark/Databricks
• Minimum seven years' experience working with data lakes, marts, and/or warehouses
• Bonus! Familiarity with Azure Synapse, experience with business intelligence tools such as PowerBI and Tableau, and experience in P&C insurance

Once Here, You'll
• Be a contributing member of our inclusive culture, alongside an extraordinarily talented community of people with a wide variety of backgrounds.
• Work closely with the data science and business intelligence teams to develop data models and pipelines for research, reporting, and machine learning
• Work collaboratively with infrastructure and networking teams to access and manage disparate data sources
• Continuously seek out and identify areas to improve data engineering practices, data quality, and processes

Want to get to know each other better? Send your resume our way.

You belong here

We strive to be much more than a great place to work. Here, you join a collective of incredibly vibrant, purpose driven, and open-minded people. Every day, Westland proves that building a great business means taking care of communities, clients, and each other with equal commitment. You will be supported and respected for who you are and for the voice you add to the conversation.

At Westland, you will feel the power of community. Westland Insurance Ltd. is an inclusive organization that values diversity in its workforce. We listen, champion equity and diversity, and create safe welcoming spaces where everyone has a voice and is free to be themselves. Westland Insurance Ltd. encourages applications from all qualified individuals and will accommodate applicants' disability-related needs, up to the point of undue hardship, throughout all stages of the recruitment and selection process.

If you require a disability-related accommodation in order to participate in the recruitment process, please contact the recruitment team by email at careers@westlandinsurance.ca

Apply Now

initStaticMap(true); {""@context"":""https://schema.org/"",""@type"":""JobPosting"",""title"":""Data Engineer "",""datePosted"":""2022-08-25T00:00:00"",""validThrough"":null,""description"":""We're searching for a Data Engineer. Are you searching for new possibilities? Westland Insurance Group Ltd. has an exciting opportunity for a Data Engineer located in our brand new hybrid head office in Surrey, BC. As an early hire on a new team, your impact will be significant. You will collaborate with leaders across the organization to influence and execute on an ambitious analytics roadmap that extends across insurance operations, marketing, finance, and other departments. Discover what's possible, with Westland. The Westland story is all about growth, and that means plenty of possibility for everyone on our team. Every day, Westland proves that building a great business means taking care of communities, clients, and each other with equal commitment. As we continue to open new doors, we're inviting amazing people like you to join us. As a Data Engineer, you have the unique opportunity to lead an ambitious data analytics roadmap that will extend across operations, marketing, finance, human resources, and other departments. Interested in learning more? Why you'll love Westland:
• An open, flexible and welcoming workplace
• Plenty of opportunities to grow and learn
• Autonomy to own your own success
• Total rewards program that takes care of your financial, physical, and mental health
• Amplifying Communities, a program to support causes that matter most to our employees Why we'll love You:
• You're curious about the business and love learning about best practices and tools, identifying opportunities to implement improvements
• Expertise in building cloud-based data pipelines, ideally with Azure and/or Databricks
• Deep experience with SQL, Python/R, git, dbt, Spark/Databricks
• Minimum seven years' experience working with data lakes, marts, and/or warehouses
• Bonus! Familiarity with Azure Synapse, experience with business intelligence tools such as PowerBI and Tableau, and experience in P&C insurance Once here, you'll:
• Be a contributing member of our inclusive culture, alongside an extraordinarily talented community of people with a wide variety of backgrounds.
• Work closely with the data science and business intelligence teams to develop data models and pipelines for research, reporting, and machine learning
• Work collaboratively with infrastructure and networking teams to access and manage disparate data sources
• Continuously seek out and identify areas to improve data engineering practices, data quality, and processes Want to get to know each other better? Send your resume our way. "",""employmentType"":""FULL_TIME"",""hiringOrganization"":{""@type"":""Organization"",""name"":""..."",""logo"":""https://can62e2.dayforcehcm.com/CandidatePortal/en-US/westlandcorp/Go?item=396baccc-da98-4085-a157-239b26f73142""},""jobLocation"":({""@type"":""Place"",""address"":{""@type"":""PostalAddress"",""streetAddress"":""13630 George Jct #115"",""addressLocality"":""Surrey"",""addressRegion"":""British Columbia"",""postalCode"":""V3T 0R1"",""addressCountry"":""CAN""}}),""jobLocationType"":null,""baseSalary"":{""@type"":""MonetaryAmount"",""value"":{""@type"":""QuantitativeValue"",""value"":null,""minValue"":null,""maxValue"":null,""unitText"":""""}}}
• Surrey (King George Hub), BC, 13630 George Jct #115, Surrey, British Columbia, Canada

Value",Surrey,CA,1687841039,
