[{"employer_name": "Braintrust", "employer_logo": "https://encrypted-tbn0.gstatic.com/images?q=tbn:ANd9GcQ76jdvqLZppILbiE2m0dpIYVFxk-3pRzaNw-t6&s=0", "employer_website": null, "employer_company_type": null, "job_publisher": "LinkedIn", "job_id": "vebICl0c92QAAAAAAAAAAA==", "job_employment_type": "FULLTIME", "job_title": "Data Scientist / Engineer - Freelance [Remote]", "job_apply_link": "https://ca.linkedin.com/jobs/view/data-scientist-engineer-freelance-remote-at-braintrust-3647566075", "job_apply_is_direct": false, "job_apply_quality_score": 0.5455, "job_description": "ABOUT US:\n\nBraintrust is a user-owned talent network that connects you with great jobs with no fees or membership costs\u2014so you keep 100% of what you earn.\n\nABOUT THE HIRING PROCESS:\n\nWhen you join Braintrust, you will be invited to a screening process for Braintrust to learn more about your previous work experiences. Once completed, you will have access to the employer for this role and other top companies that seek high-quality talent. Apply to this job to kick off the process.\n\u2022 JOB TYPE: Freelance, Contract Position (no agencies/C2C - see notes below)\n\u2022 LOCATION: Remote - Work from anywhere (TimeZone: CST | Partial overlap)\n\u2022 HOURLY RANGE: Our client is looking to pay $125 \u2013 $150/hr\n\u2022 ESTIMATED DURATION: 30h/week - Long term\n\u2022 BRAINTRUST JOB ID: 6961\nTHE OPPORTUNITY Requirements Job description Our client is looking for a talented data engineer who can help us build an internal database. The project involves working with several datasets, entity resolution to create mappings across those datasets, creating derived metrics and data concepts, and then connecting this data to a new internal UI that they are building. Fast-moving startup looking to build something exciting and dynamic, and they are looking for someone to join the team and match our energy. Must haves\n\u2022 SQL\n\u2022 Python\n\u2022 ETL Superstar\nA good understanding of Snowflake will be excellent in this position as well. What you\u2019ll be working on Company Overview Our client is a founder-focused seed-stage venture firm combined with an industry-grade therapeutics accelerator focused on one thing: helping entrepreneurial founders launch viable therapeutics companies. The company does this by giving founders access to a team of the world\u2019s best drug hunters and drug makers, seed capital, and best-of-breed services - everything a founder needs to get from concept to a compelling quality dataset that enables an awesome Series A financing. In a nutshell, they want founders in control of their own companies and focused on their expertise and creativity while they help make the rest happen smoothly. Apply Now!\n\nC2C Candidates: This role is not available to C2C candidates working with an agency. If you are a professional contractor who has created an LLC/corp around their consulting practice, this is well aligned with Braintrust and we\u2019d welcome your application.\n\nBraintrust values the multitude of talents and perspectives that a diverse workforce brings. All qualified applicants will receive consideration for employment without regard to race, national origin, religion, age, color, sex, sexual orientation, gender identity, disability, or protected veteran status.", "job_is_remote": true, "job_posted_at_timestamp": 1687873982, "job_posted_at_datetime_utc": "2023-06-27T13:53:02.000Z", "job_city": "Toronto", "job_state": "ON", "job_country": "CA", "job_latitude": 43.653225, "job_longitude": -79.38319, "job_benefits": null, "job_google_link": "https://www.google.com/search?gl=us&hl=en&rciv=jb&q=data+engieer+and+data+analyst+in+cannada&start=0&chips=date_posted:today&schips=date_posted;today&ibp=htl;jobs#fpstate=tldetail&htivrt=jobs&htiq=data+engieer+and+data+analyst+in+cannada&htidocid=vebICl0c92QAAAAAAAAAAA%3D%3D", "job_offer_expiration_datetime_utc": "2023-07-27T13:53:02.000Z", "job_offer_expiration_timestamp": 1690465982, "job_required_experience": {"no_experience_required": false, "required_experience_in_months": null, "experience_mentioned": true, "experience_preferred": false}, "job_required_skills": null, "job_required_education": {"postgraduate_degree": false, "professional_certification": false, "high_school": false, "associates_degree": false, "bachelors_degree": true, "degree_mentioned": true, "degree_preferred": false, "professional_certification_mentioned": false}, "job_experience_in_place_of_education": false, "job_min_salary": null, "job_max_salary": null, "job_salary_currency": null, "job_salary_period": null, "job_highlights": {}, "job_job_title": "Data scientist", "job_posting_language": "en", "job_onet_soc": "15111100", "job_onet_job_zone": "5"}, {"employer_name": "Vretta Inc.", "employer_logo": "https://encrypted-tbn0.gstatic.com/images?q=tbn:ANd9GcQyeAsCcN4eSejsbE0tyAfzVdiEtpW0SHqZOwTK&s=0", "employer_website": null, "employer_company_type": null, "job_publisher": "LinkedIn", "job_id": "JjDMJpYTA1UAAAAAAAAAAA==", "job_employment_type": "FULLTIME", "job_title": "Data Engineer", "job_apply_link": "https://ca.linkedin.com/jobs/view/data-engineer-at-vretta-inc-3648804052", "job_apply_is_direct": false, "job_apply_quality_score": 0.5844, "job_description": "Vretta is looking for a Data Engineer to join our Data and Evaluation team. This position requires excellent communication skills, creative problem solving ability, and a sound technical ability to be able to understand requirements, develop technological solutions for data analysis, collaborate with the data engineering and development team, and maintain processes that support student learning and assessment. As a member of the Data and Evaluation team at Vretta, the Data Engineer must have the attitude and energy to innovate and build solutions that support student success.\n\nResponsibilities\n\u2022 Validate technical requirements and communicate implementation strategies.\n\u2022 Develop APIs in collaboration with Instructional Designers, Data Engineers, and other members of the development and technical team to deliver projects.\n\u2022 Document APIs, especially in relation to the underlying data model.\n\u2022 Use existing code components to implement new projects.\n\u2022 Maintain and modify existing APIs.\n\u2022 Debug, test, and deploy software implementations.\n\u2022 Interact with key partners and internal users regarding timelines, technical issues, and infrastructure integration.\n\u2022 Provide recommendations for improvements in the overall development process.\n\u2022 Ensure work progress to schedule and keep (internal) customers informed of project progress.\n\u2022 Stay current with relevant research, techniques, technology, and other factors impacting the job.\n\nRequirements\n\u2022 At least two years experience in software development.\n\u2022 Undergraduate degree in Computer Science (or equivalent).\n\u2022 Experience with modern JavaScript (server-side JavaScript, package management, module loading).\n\u2022 Experience with REST APIs.\n\u2022 Strong experience writing & understanding complex SQL queries.\n\u2022 Ability to effectively communicate technical concepts to other technical staff members.\n\u2022 Superior time management skills, and the ability to prioritize tasks with minimal supervision.\n\u2022 High level of critical and logical thinking, analysis, and/or reasoning to identify underlying principles, reasons, or facts.\n\nExperience with any of the following is an asset\n\u2022 TypeScript\n\u2022 WebPack\n\u2022 MySQL, MariaDB\n\u2022 R\n\u2022 Linear Optimization\n\u2022 Statistical Techniques\n\u2022 Data modeling\n\u2022 Automated testing\n\nAbout Vretta\n\nWe have dedicated the past 13 years towards the modernization of assessment and learning experiences that have transformed educational practices for ministries of education, academic institutions, examination bodies, and training organizations around the world. Today, our team of over 100 architects, designers, technologists, psychometricians, and project ninjas support our partners transition from legacy e-assessment and learning systems to world-class technology solutions that are efficient, equitable, flexible, and drive student-success. We welcome you to join us on our mission of giving every student the opportunity to succeed in their academic lives and beyond.\n\nApplying\n\nWe look forward to hearing from you, but please note that due to the volume of applications that we usually receive for our job positions, only those shortlisted for next steps will be contacted. Vretta is committed to providing reasonable accommodations for people with disabilities. If you require an accommodation, we will work with you to meet your needs in all stages of the hiring process.\n\nTo stay in touch with Vretta and keep up-to-date on all open opportunities, follow us on LinkedIn, Facebook, and Twitter!", "job_is_remote": true, "job_posted_at_timestamp": 1687883077, "job_posted_at_datetime_utc": "2023-06-27T16:24:37.000Z", "job_city": null, "job_state": null, "job_country": "CA", "job_latitude": 56.130367, "job_longitude": -106.34677, "job_benefits": null, "job_google_link": "https://www.google.com/search?gl=us&hl=en&rciv=jb&q=data+engieer+and+data+analyst+in+cannada&start=0&chips=date_posted:today&schips=date_posted;today&ibp=htl;jobs#fpstate=tldetail&htivrt=jobs&htiq=data+engieer+and+data+analyst+in+cannada&htidocid=JjDMJpYTA1UAAAAAAAAAAA%3D%3D", "job_offer_expiration_datetime_utc": "2023-12-24T16:24:14.000Z", "job_offer_expiration_timestamp": 1703435054, "job_required_experience": {"no_experience_required": false, "required_experience_in_months": 156, "experience_mentioned": true, "experience_preferred": false}, "job_required_skills": ["Skill Development", "Data Engineering", "Learning", "Data Analytics", "Student Success", "Data Modeling", "SQL", "MariaDB", "TypeScript", "Computer Science", "R (Programming Language)"], "job_required_education": {"postgraduate_degree": false, "professional_certification": false, "high_school": false, "associates_degree": false, "bachelors_degree": true, "degree_mentioned": true, "degree_preferred": true, "professional_certification_mentioned": false}, "job_experience_in_place_of_education": false, "job_min_salary": null, "job_max_salary": null, "job_salary_currency": null, "job_salary_period": null, "job_highlights": {}, "job_job_title": "Data engineer", "job_posting_language": "en", "job_onet_soc": "15113200", "job_onet_job_zone": "4"}, {"employer_name": "TD", "employer_logo": "https://www.td.com/us/en/personal-banking/images/TDB_tag_white_tcm371-253361.png", "employer_website": "http://www.td.com", "employer_company_type": "Finance", "job_publisher": "LinkedIn", "job_id": "6xYf7P4bXnAAAAAAAAAAAA==", "job_employment_type": "FULLTIME", "job_title": "Data Engineer- EN", "job_apply_link": "https://ca.linkedin.com/jobs/view/data-engineer-en-at-td-3648823106", "job_apply_is_direct": false, "job_apply_quality_score": 0.5455, "job_description": "TD Description\n\nTell us your story. Don't go unnoticed. Explain why you're a winning candidate. Think \"TD\" if you crave meaningful work and embrace change like we do. We are a trusted North American leader that cares about people and inspires them to grow and move forward.\n\nStay current and competitive. Carve out a career for yourself. Grow with us. Here's our story: jobs.td.com\n\nDepartment Overview\n\nBuilding a World-Class, Diverse and Inclusive Technology Team at TD\n\nWe can't afford to be boring. Neither can you. The scale and scope of what TD does may surprise you. The rapid pace of change makes it a business imperative for us to be smart and open-minded in the way we think about technology. TD's technology and business teams become more intertwined as new opportunities present themselves. This new era in banking does not equal boring. Not at TD, anyway.\n\nThe TDS Veritas Platform is the cross-asset pricing and risk management platform for TD Securities. TDS Veritas is also the strategic storage and compute infrastructure for numerous business-aligned products used by front office users as well as risk management functions in the Investment Bank. Within the wider platform team, the TDS Veritas Data Interfaces team is responsible for sourcing and curating Trade, Market Data and Reference Data information.\n\nThere's room to grow in all of it.\n\nJob Description\n\nAbout This Role\n\nWe are looking for a savvy Data Engineer (Engineer II) to join our growing team of engineers. The hire will be responsible for maintaining our current our data pipelines and be a key contributor as we design the next generation of cloud native data and analytics platform.\n\nThe ideal candidate is an experienced data pipeline builder and data wrangler who understands the Capital Markets domain and enjoys optimizing data systems and building them from the ground up. They must be self-directed and comfortable supporting the data needs of multiple teams, systems, and products. The right candidate will be excited by the prospect of optimizing or even re-designing our company\u2019s data architecture to support our next generation of products and data initiatives.\n\nResponsibilities\n\u2022 Create and maintain optimal data pipeline architecture\n\u2022 Implement data products curated by our Chief Data Office, as well as custom data models for fit for use.\n\u2022 Ensure data quality and integrity across various data sources and systems to ensure data accuracy, completeness, and reliability.\n\u2022 Optimize data pipelines for performance and scalability.\n\u2022 Provide technical support to promptly resolve escalated incidents/outages.\n\u2022 Develop and document a detailed solution design, impart your subject matter expertise throughout life cycle.\n\u2022 Take business, Enterprise Architecture, system performance and development standards requirements, then develop functional, technical and user interface designs for an application and/or system.\n\u2022 Find ways to keep costs low, help come up with strategic solutions to support cost effectiveness and enhance stakeholder experience.\n\u2022 Conduct code reviews to address quality, standards compliance, reusability and ease of maintenance, Operational Readiness Reviews, and support gating and review sign-offs for solution design.\n\u2022 Ensure design leverages existing reusable components, traces back to business requirements, and that new modules are designed with reusability in mind.\n\u2022 Keep up to date with the latest industry trends and technologies related to data engineering.\n\nJob Requirements\n\nWhat can you bring to TD? Share your credentials, but your relevant experience and knowledge can be just as likely to get our attention. It helps if you have:\n\nPreferred Qualifications\n\u2022 Undergraduate Degree.\n\u2022 8+ years of relevant experience in a related field of job function.\n\u2022 Experience with: Java, Spring,\n\u2022 Some Experience to Big Data Tools such as : Hadoop, HDFS, ADLS, ADF, Spark, Kafka, Databricks, Dremio etc.\n\u2022 Experience with relational SQL and NoSQL databases, including Cassandra.\n\u2022 Experience designing production grade, scalable applications and microservices.\n\nNice to have\n\u2022 Experience in Python, Scala\n\u2022 Experience in Capital Markets\n\u2022 Experience working on Agile Teams\n\nDesired Interpersonal Skills\n\u2022 Takes great personal pride in building robust software\n\u2022 Strong sense of ownership\n\u2022 Passionate about programming and computer science\n\u2022 Enjoys working in a fast-paced environment\n\u2022 Has excellent written and verbal communication skills\n\u2022 Has strong customer focus\n\nAdditional Information\n\nJoin in on what others in TD Technology Solutions are doing:\n\u2022 Inspire a positive work environment and help champion quality, innovation, teamwork and service to the business.\n\u2022 Learn voraciously, stretch your thinking, share your knowledge and educate others.\n\u2022 Communicate and collaborate with both technical and non-technical professionals.\n\u2022 Cultivate winning relationships by building trust with business and technology partners.\n\u2022 Share our commitment to productivity, effectiveness and operational efficiency.\n\nInclusiveness\n\nAt TD, we are committed to fostering an inclusive, accessible environment, where all employees and customers feel valued, respected and supported. We are dedicated to building a workforce that reflects the diversity of our customers and communities in which we live and serve. If you require an accommodation for the recruitment/interview process (including alternate formats of materials, or accessible meeting rooms or other accommodation), please let us know and we will work with you to meet your needs.", "job_is_remote": false, "job_posted_at_timestamp": 1687886125, "job_posted_at_datetime_utc": "2023-06-27T17:15:25.000Z", "job_city": "Toronto", "job_state": "ON", "job_country": "CA", "job_latitude": 43.653225, "job_longitude": -79.38319, "job_benefits": null, "job_google_link": "https://www.google.com/search?gl=us&hl=en&rciv=jb&q=data+engieer+and+data+analyst+in+cannada&start=0&chips=date_posted:today&schips=date_posted;today&ibp=htl;jobs#fpstate=tldetail&htivrt=jobs&htiq=data+engieer+and+data+analyst+in+cannada&htidocid=6xYf7P4bXnAAAAAAAAAAAA%3D%3D", "job_offer_expiration_datetime_utc": "2023-07-27T17:15:25.000Z", "job_offer_expiration_timestamp": 1690478125, "job_required_experience": {"no_experience_required": false, "required_experience_in_months": 96, "experience_mentioned": true, "experience_preferred": false}, "job_required_skills": null, "job_required_education": {"postgraduate_degree": false, "professional_certification": false, "high_school": false, "associates_degree": false, "bachelors_degree": true, "degree_mentioned": true, "degree_preferred": false, "professional_certification_mentioned": false}, "job_experience_in_place_of_education": false, "job_min_salary": null, "job_max_salary": null, "job_salary_currency": null, "job_salary_period": null, "job_highlights": {}, "job_job_title": "Data engineer", "job_posting_language": "en", "job_onet_soc": "15111100", "job_onet_job_zone": "5", "job_naics_code": "522110", "job_naics_name": "Commercial Banking"}, {"employer_name": "Online Business Systems", "employer_logo": "https://encrypted-tbn0.gstatic.com/images?q=tbn:ANd9GcT_P9k-vsKWKU2Vu7IoNt8PqbAAQjjhM7HnDvhR&s=0", "employer_website": null, "employer_company_type": null, "job_publisher": "LinkedIn", "job_id": "7L4tcZzjTDEAAAAAAAAAAA==", "job_employment_type": "FULLTIME", "job_title": "Data Engineer", "job_apply_link": "https://ca.linkedin.com/jobs/view/data-engineer-at-online-business-systems-3642770946", "job_apply_is_direct": false, "job_apply_quality_score": 0.5931, "job_description": "We are seeking an experienced Data Engineer with expertise in ETL and BI toolsets to join our Technology Consulting team. You will work with amazing development teams on a variety of assignments with different clients. By gathering requirements, doing analysis, and consulting with clients, you will be able to lay a solid data foundation to perform robust analytics. You will have the opportunity to build your technical skills and expertise in both ETL and BI as well as expand your consulting skills. You are a team player with a true passion for data and a desire to learn and grow in your career.\n\nWhat you\u2019ll do:\n\u2022 Design ETL process and data flow from source systems to data warehouse.\n\u2022 Develop and unit test ETL processes for optimal performance and performance-tune ETL mappings and report queries.\n\u2022 Design and develop Business Intelligence solutions to meet end user demands.\n\u2022 Design physical database objects including fact tables, dimensions, staging, materialized views, and indexes.\n\nWhat we\u2019d like:\n\u2022 Ability to interact with clients and business users and analyze complex business requirements.\n\u2022 Hands-on experience in tuning ETL jobs to reduce run-time and increase efficiency through code tuning, hardware deployment, and architecture changes.\n\u2022 Experience designing and building BI visualizations to meet client needs.\n\u2022 Experience with ETL tools such as Ab Initio, Informatica, Microsoft SSIS, IBM DataStage, SAP Data Services etc.\n\u2022 Experience with BI tools such as Tableau, Power BI, and MicroStrategy.\n\u2022 Practical experience with Windows, UNIX, relational databases (Oracle, SQL Server), SQL, and/or Oracle PL/SQL.\n\u2022 Strong understanding of data warehousing architectures, core concepts, methodologies, and best practices.\n\u2022 Detail oriented with analytical and problem-solving skills to recognize and identify issues and take proper action to resolve them.\n\u2022 Experience using software development tools such as Azure DevOps, JIRA, Confluence, Source Code Management, and CI/CD pipelines is considered an asset.\n\u2022 Up to date on latest technology trends.\n\u2022 Experience with AWS, Azure and/or GCP is an asset.\n\u2022 Experience with Python is an asset.\n\u2022 Experience with AI and Machine Learning is an asset\n\nWhy Work with Us?\n\nOur story began in 1986 in Winnipeg, Canada, where our CEO grew a small team of University friends into an award-winning Digital Transformation and Cybersecurity consultancy with over 350 team members across North America and EMEA. We have the stability of a larger company but the heart of a small company, even as we continue to grow. We have been on the \u201cBest Workplaces in Canada\u201d list for the past 17 years and you\u2019ll understand why when you read what our team members say on Glassdoor (https://www.glassdoor.ca/Overview/Working-at-Online-Business-Systems-EI_IE373050.11,34.htm).\n\nWe offer a competitive compensation and benefits package as well as:\n\n\u2022 Professional Development budget and time\n\n\u2022 Tech-enablement program for home use\n\n\u2022 Career Mentor to help you grow in your career\n\n\u2022 RRSP/401K match program\n\n\u2022 Bonus programs to reward you for your accomplishments\n\n\u2022 Wellness program to keep you healthy\n\n\u2022 Opportunities to connect \u2013 book clubs, games nights, Special Interest Groups, \u201cCoffee & Code\u201d for our developer friends, Team Meetings, and much more\n\nOnline firmly believes in respect, equity, and equality and in providing EVERYONE equal opportunity to apply and succeed in their role. We are committed to creating and maintaining an inclusive and accessible environment for everyone.", "job_is_remote": true, "job_posted_at_timestamp": 1687882618, "job_posted_at_datetime_utc": "2023-06-27T16:16:58.000Z", "job_city": null, "job_state": null, "job_country": "CA", "job_latitude": 56.130367, "job_longitude": -106.34677, "job_benefits": null, "job_google_link": "https://www.google.com/search?gl=us&hl=en&rciv=jb&q=data+engieer+and+data+analyst+in+cannada&start=0&chips=date_posted:today&schips=date_posted;today&ibp=htl;jobs#fpstate=tldetail&htivrt=jobs&htiq=data+engieer+and+data+analyst+in+cannada&htidocid=7L4tcZzjTDEAAAAAAAAAAA%3D%3D", "job_offer_expiration_datetime_utc": "2023-07-27T16:16:58.000Z", "job_offer_expiration_timestamp": 1690474618, "job_required_experience": {"no_experience_required": false, "required_experience_in_months": null, "experience_mentioned": true, "experience_preferred": false}, "job_required_skills": null, "job_required_education": {"postgraduate_degree": false, "professional_certification": false, "high_school": false, "associates_degree": false, "bachelors_degree": true, "degree_mentioned": true, "degree_preferred": false, "professional_certification_mentioned": false}, "job_experience_in_place_of_education": false, "job_min_salary": null, "job_max_salary": null, "job_salary_currency": null, "job_salary_period": null, "job_highlights": {}, "job_job_title": "Data engineer", "job_posting_language": "en", "job_onet_soc": "15113200", "job_onet_job_zone": "4"}, {"employer_name": "SSTECH USA GROUP", "employer_logo": null, "employer_website": null, "employer_company_type": null, "job_publisher": "LinkedIn", "job_id": "VxtzuSsowMQAAAAAAAAAAA==", "job_employment_type": "FULLTIME", "job_title": "Senior Data Engineer", "job_apply_link": "https://ca.linkedin.com/jobs/view/senior-data-engineer-at-sstech-usa-group-3645664420", "job_apply_is_direct": false, "job_apply_quality_score": 0.5748, "job_description": "FULL STACK DATA ENGINEER\n\nWe are looking for an experienced Full Stack Data Engineer to join our team for building a next-generation data platform built on Data Mesh architecture/principles. The ideal candidate should have extensive hands-on experience in building a big data platform, Big Data Technologies, Data Pipelines, backend development using Python, BI/Analytics tools as well as experience with DevOps, AWS, and UI Development in Angular JS. You will be responsible for designing, developing, and maintaining our web applications and data pipelines, as well as implementing CI/CD best practices.\n\nRESPONSIBILITIES\n\u2022 Design, build, and maintain scalable and efficient data platforms using data engineering technologies such as Glue, EMR, Athena, Redshift, Lake Formation, Apache Spark, Hive, HDFS, and Trino.\n\u2022 Build/manage data pipelines, and common data-related cross-cutting concerns like data catalog, data lineage, data quality, data profiling, data discovery, metadata management\n\u2022 Develop and maintain web applications using AngularJS and Python.\n\u2022 Build/manage BI/Analytical dashboard reducing time to insight for the business stakeholders.\n\u2022 Implement CI/CD pipelines using Terraform, Jenkins, Github actions, and Gitflow.\n\u2022 Collaborate with cross-functional teams to develop and implement new features.\n\u2022 Write clean, reusable, and efficient code.\n\u2022 Participate in code reviews and ensure code quality.\n\u2022 Develop and maintain APIs using Python and ensure API security and best practices are implemented.\n\u2022 Implement SSO integration with Microsoft Azure AD using oAuth, OIDC, and SAML.\n\u2022 Implement integration with AWS Cognito for user authentication and authorization.\n\u2022 Ensure the application is optimized for maximum speed and scalability.\n\u2022 Troubleshoot and debug issues as they arise.\n\u2022 Implement DevOps best practices to ensure efficient application deployment and management.\n\u2022 Collaborate with data scientists and analysts to integrate data analytics solutions with web applications.\n\u2022 Stay up to date with emerging trends and technologies.\n\nMust have\n\u2022 8+ years of experience in similar positions\n\u2022 Hands-on Experience with data engineering technologies such as AWS Glue, EMR, Athena, Redshift, Lake Formation, Apache Spark, Apache Hive, Apache Airflow, S3FS, Apache Hudi, and Trino.\n\u2022 Extensive experience in building data pipelines using orchestration tools like Apache Airflow.\n\u2022 Hands-on experience in building cross-cutting concerns like data catalog, data lineage, data quality, data profiling, data discovery, metadata management\n\u2022 Proven experience as a Full Stack Developer with AngularJS and Python.\n\u2022 Strong understanding of web development technologies including HTML, CSS, and JavaScript.\n\u2022 Experience working with RESTful APIs and JSON.\n\u2022 Familiarity with microservices architecture.\n\u2022 Experience with core AWS technologies such as EC2, ELB, Auto Scaling, S3, EFS, Lambda, API\n\nGateway, Step Functions, Cloudwatch, VPC, Route 53, ACM\n\u2022 Hands on experience with SQL and NoSQL databases.\n\u2022 Hands experience with BI tools like Tableau, AWS QuickSight\n\u2022 Experience with Git or other version control systems.\n\u2022 Understanding of agile development methodologies.\n\u2022 Strong problem-solving skills.\n\u2022 Excellent written and verbal communication skills.\n\u2022 Ability to work independently and collaboratively in a team environment.\n\u2022 Experience with cloud platforms such as AWS.\n\u2022 Bachelor's degree in Computer Science, Engineering, or related field\n\nNice to have\n\u2022 Agile, Scrum framework 2+ years' experience on past projects\n\u2022 Knowledge of containerization technologies like Docker or Kubernetes.\n\u2022 Experience with front-end frameworks like React or Vue.js.\n\u2022 Experience with DevOps and CI/CD best practices.\n\u2022 Experience with Terraform and the AWS provider.\n\u2022 Experience with API development, security, and best practices.\n\u2022 Experience with SSO integration with Microsoft Azure AD using oAuth, OIDC, and SAML.\n\u2022 Experience with integration with AWS Cognito for user authentication and authorization", "job_is_remote": true, "job_posted_at_timestamp": 1687877866, "job_posted_at_datetime_utc": "2023-06-27T14:57:46.000Z", "job_city": "Toronto", "job_state": "ON", "job_country": "CA", "job_latitude": 43.653225, "job_longitude": -79.38319, "job_benefits": null, "job_google_link": "https://www.google.com/search?gl=us&hl=en&rciv=jb&q=data+engieer+and+data+analyst+in+cannada&start=0&chips=date_posted:today&schips=date_posted;today&ibp=htl;jobs#fpstate=tldetail&htivrt=jobs&htiq=data+engieer+and+data+analyst+in+cannada&htidocid=VxtzuSsowMQAAAAAAAAAAA%3D%3D", "job_offer_expiration_datetime_utc": "2023-07-27T14:57:46.000Z", "job_offer_expiration_timestamp": 1690469866, "job_required_experience": {"no_experience_required": false, "required_experience_in_months": 96, "experience_mentioned": true, "experience_preferred": false}, "job_required_skills": null, "job_required_education": {"postgraduate_degree": false, "professional_certification": false, "high_school": false, "associates_degree": false, "bachelors_degree": true, "degree_mentioned": true, "degree_preferred": true, "professional_certification_mentioned": false}, "job_experience_in_place_of_education": false, "job_min_salary": 50, "job_max_salary": 73, "job_salary_currency": "USD", "job_salary_period": "HOUR", "job_highlights": {}, "job_job_title": "Data engineer", "job_posting_language": "en", "job_onet_soc": "15113200", "job_onet_job_zone": "4"}, {"employer_name": "Pleo", "employer_logo": "https://res.cloudinary.com/crunchbase-production/image/upload/c_lpad,h_256,w_256,f_auto,q_auto:eco,dpr_1/ndzn657lsrgrvfol1vmv", "employer_website": "http://www.pleo.io", "employer_company_type": null, "job_publisher": "LinkedIn", "job_id": "zL0ozcNJC40AAAAAAAAAAA==", "job_employment_type": "FULLTIME", "job_title": "Staff Data Engineer", "job_apply_link": "https://ca.linkedin.com/jobs/view/staff-data-engineer-at-pleo-3645664424", "job_apply_is_direct": false, "job_apply_quality_score": 0.5844, "job_description": "We\u2019re looking for you, a Staff Data Engineer in our Analytical Empowerment Team, to help enable the whole company to unearth the treasure of data.\n\nYou are someone that wants to be part of a team that thrives on solving the knotty problems of getting the right data to the right people, on ensuring high-speed, safe and accurate processing, on building potent data tools, on understanding how the whole data landscape of Pleo looks.\n\nYou won't only be part of the data team, but part of the whole Pleo team: artisans looking to be challenged, wise sages looking to learn. You'll work with pretty much everyone aside from the usual suspects. We\u2019re talking about designers, product managers, customer success people and that sort of thing; they're going to crave your solutions. We're looking for an architect of happiness and simplicity. We don't want to share a complicated product to our clients, and you will also have a big say in that.\n\nWe are strong advocates for diversity here. The engineering team at Pleo is made of people coming from different backgrounds. A Nordic-born company with women, men, aliens and shooting stars from Slovenians, South Africans to Danes and Canadians, in the office but also remotely throughout the world. We even sometimes travel together to explore!\n\nSo, what's Data & Analytics at Pleo like?\n\nThe Data & Analytics Group shares a vision to stop the guessing game and unlock growth for Pleo    This means you\u2019ll be focussing a lot of attention on data culture, strategy and empowerment of our stakeholders and deal with a wide variety of data and insights across Pleo. We want to make data human and accessible, and are building an internal data & analytics platform with robust, timely and well-structured data that empowers the whole of the company to build on top of it and do amazing things.\n\nThe Analytics Empowerment Team\n\nThe mission of the Analytical Empowerment Team is to empower every Pleo\u2019er to take data-inspired actions via a robust and scalable analytics infrastructure. It is the responsibility of Data Engineers in the team to provide the tools, best practices and expert guidance for how to use the infrastructure.\n\nWe believe you will thrive in this role if you\n\u2022 Have a passion for both engineering and data and understand how they tie together\n\u2022 Like to reason about how data flows through systems and how to build compliant, user-friendly and cost-efficient data infrastructure\n\u2022 Are driven to improve the skills, knowledge and capability of the people around you\n\u2022 Know your way around the modern data engineering ecosystem and are comfortable with the DevOps way of doing things\n\u2022 Are comfortable with most key data engineering tools like SQL, Python, Kubernetes, Kafka, AirFlow, Terraform, AWS/GCP or DBT\n\nYour colleagues say you\n\u2022 Bring a solution-centric mindset\n\u2022 Are very curious about the story and the people behind the data\n\u2022 Are a continuous learner & systematic thinker\n\u2022 Are a person they would also enjoy having a coffee with (virtual or not)\n\nIn your first year you will work on:\n\u2022 Growing the ecosystem that allows access to data across the company, including Business Stakeholders, other Engineers, and Data Analysts / Scientists;\n\u2022 Optimising how data is prepared in our data warehouse, to reduce costs and improve latency and availability\n\u2022 Seeking out the tools we need to improve observability and discoverability of our data;\n\u2022 Rolling out the next iteration of our data infrastructure;\n\u2022 Actively sharing knowledge, and looking for opportunities to help grow the skills and capabilities of other data engineers\n\nShow me the benefits!\n\u2022 Your own Pleo card (no more out-of-pocket spending!)\n\u2022 Lunch is on us - whether you are working remote or at one of our offices   \n\u2022 Private Health Insurance to ensure you\u2019re fit of body and mind to do your best work\n\u2022 Flexible work: working from home when you want, where you want, why you want to (we trust you)\n\u2022 Trips abroad for team camps. Last year we went to Croatia - we'd love to see you at the next one!\n\u2022 25 days of holiday per year + your local public holidays\n\u2022 Paid parental leave - we want to make sure that we're supportive of families and help you feel that you don't have to compromise your family due to work     \n\u2022 \u20ac2500 annual Flex Benefits budget (maybe you want to buy additional holidays, pay for the gym, book a professional coach or pay part of your MBA - completely up to you!). We know everybody prioritises different benefits. So, our Flex Benefits package lets you choose what best suits you. Ask us about what we offer, we\u2019ll be happy to outline more!\n\nWhy join us?\n\nWorking at Pleo means you're working on something very exciting: the future of work. Through fintech we've seen a way to impact how people work; we think company spending should be delegated to all employees and teams, that it should be as automated as possible, and that it should drive a culture of responsible spending. Based on some pretty amazing Series C-round investment in 2021 we think we're onto something big.\n\nSo, in a nutshell, that's Pleo. Today we are a 800+ team, from over 100 nations, sitting in our Copenhagen HQ, London, Stockholm, Berlin, Madrid, Montreal, or Lisbon offices \u2014and quite a few full-time remotes in 35 other countries! Being HQ'd out of Copenhagen means we're inspired by sensible things like a good work-life balance. If you don't work in the office with us we'll help you get up the best remote setup possible and will fly you in for our amazing team camps \u2708\ufe0f\n\nAbout Your Application\n\u2022 Please submit your application in English; it\u2019s our company language so you\u2019ll be speaking lots of it if you join   \n\u2022 We treat all candidates equally: If you are interested please apply through our application system - any correspondence should come from there! Our lovely support isn't able to pass on any calls/ emails our way - and this makes sure that the candidate experience is smooth and fair to everyone   \n\u2022 We\u2019re on a mission to make everyone feel valued at work. That\u2019s only achievable if our team reflects the diversity of the world around us - and that starts with you, hitting apply, even if you are worried you might not tick all the boxes! We embrace and encourage people from all backgrounds to apply - regardless of race/ethnicity, colour, religion, nationality, gender, sex, sexual orientation, age, marital status, disability, neurodiversity, socio-economic status, culture or beliefs\n\u2022 When you submit an application we process your personal data as a data processor. Find out more about how your data is used in the FAQs section at the bottom of our jobs page", "job_is_remote": true, "job_posted_at_timestamp": 1687878080, "job_posted_at_datetime_utc": "2023-06-27T15:01:20.000Z", "job_city": "Montr\u00e9al", "job_state": "QC", "job_country": "CA", "job_latitude": 45.50189, "job_longitude": -73.56739, "job_benefits": null, "job_google_link": "https://www.google.com/search?gl=us&hl=en&rciv=jb&q=data+engieer+and+data+analyst+in+cannada&start=0&chips=date_posted:today&schips=date_posted;today&ibp=htl;jobs#fpstate=tldetail&htivrt=jobs&htiq=data+engieer+and+data+analyst+in+cannada&htidocid=zL0ozcNJC40AAAAAAAAAAA%3D%3D", "job_offer_expiration_datetime_utc": "2023-07-27T15:01:20.000Z", "job_offer_expiration_timestamp": 1690470080, "job_required_experience": {"no_experience_required": false, "required_experience_in_months": null, "experience_mentioned": true, "experience_preferred": false}, "job_required_skills": null, "job_required_education": {"postgraduate_degree": false, "professional_certification": false, "high_school": false, "associates_degree": false, "bachelors_degree": true, "degree_mentioned": true, "degree_preferred": false, "professional_certification_mentioned": false}, "job_experience_in_place_of_education": false, "job_min_salary": null, "job_max_salary": null, "job_salary_currency": null, "job_salary_period": null, "job_highlights": {}, "job_job_title": "Data engineer", "job_posting_language": "en", "job_onet_soc": "15113200", "job_onet_job_zone": "4"}, {"employer_name": "Teema Solutions Group", "employer_logo": "https://bctechnology.com/tmp/logos/AE3539867AAEEC609A4260C6FEB725F4389D375D799886FB7211B8F7BE7E5BE5.jpg", "employer_website": "http://www.teemagroup.com", "employer_company_type": null, "job_publisher": "LinkedIn", "job_id": "97q8QFbq2nwAAAAAAAAAAA==", "job_employment_type": "CONTRACTOR", "job_title": "Data Engineer", "job_apply_link": "https://ca.linkedin.com/jobs/view/data-engineer-at-teema-solutions-group-3642782614", "job_apply_is_direct": false, "job_apply_quality_score": 0.5822, "job_description": "Job Description\n\nThe Data and Quality Assurance Engineer is responsible for embedding quality into our existing processes, optimizing the checking and review process, enhancing the tools used in engineering model deliverables, and developing predictive and proactive metrics.\n\nDuties/Accountabilities\n\u2022 Develop and implement quality control plans for projects to ensure compliance with established quality standards and customer requirements.\n\u2022 Identify and implement process improvements to optimize the checking and review process for engineering model deliverables.\n\u2022 Collaborate with cross-functional teams to embed quality into existing processes.\n\u2022 Develop and maintain tools to improve the quality of engineering model deliverables.\n\u2022 Develop predictive and proactive metrics to identify potential quality issues before they arise.\n\u2022 Analyze data to identify trends and patterns in project performance and quality.\n\u2022 Use Power BI, Excel, and other data visualization tools to present data insights clearly to different levels of the organization.\n\u2022 Work closely with cross-functional teams to understand data requirements and develop data collection processes to ensure quality data is available for analysis.\n\u2022 Develop and maintain a centralized data repository for project data.\n\u2022 Use statistical analysis techniques to identify root causes of quality issues and develop recommendations for improvement.\n\u2022 Collaborate with teams to develop action plans to address identified quality issues.\n\u2022 Develop training materials and provide training to team members on quality control processes, data analysis, and presentation techniques.\n\u2022 Communicate with customers to share data insights and provide recommendations for improvement.\n\nEducation and Experience\n\u2022 Bachelor's degree in engineering, quality assurance, data analysis, or related field\n\u2022 5+ years of experience in project quality control, quality assurance, data analysis, or related field.\n\u2022 Candidates have P.Eng. or EIT professional designation are preferred.\n\nSkills, Knowledge and Required Competencies\n\u2022 Strong analytical and problem-solving skills.\n\u2022 Knowledge of quality management systems and industry standards, lean six-sigma.\n\u2022 Experience with engineering models, 3D models, shipbuilding, and related tools.\n\u2022 Proficient in Power BI, Excel, DAX, Pivot tables, power query, and other data visualization tools.\n\u2022 Knowledge of statistical analysis techniques.\n\u2022 Excellent communication and interpersonal skills.\n\u2022 Ability to work independently and as part of a team.\n\u2022 Ability to communicate data insights clearly to different levels of the organization.", "job_is_remote": false, "job_posted_at_timestamp": 1687887391, "job_posted_at_datetime_utc": "2023-06-27T17:36:31.000Z", "job_city": "Vancouver", "job_state": "BC", "job_country": "CA", "job_latitude": 49.28273, "job_longitude": -123.120735, "job_benefits": null, "job_google_link": "https://www.google.com/search?gl=us&hl=en&rciv=jb&q=data+engieer+and+data+analyst+in+cannada&start=0&chips=date_posted:today&schips=date_posted;today&ibp=htl;jobs#fpstate=tldetail&htivrt=jobs&htiq=data+engieer+and+data+analyst+in+cannada&htidocid=97q8QFbq2nwAAAAAAAAAAA%3D%3D", "job_offer_expiration_datetime_utc": "2023-07-27T17:36:31.000Z", "job_offer_expiration_timestamp": 1690479391, "job_required_experience": {"no_experience_required": false, "required_experience_in_months": 60, "experience_mentioned": true, "experience_preferred": false}, "job_required_skills": ["Qualitative Research", "Architecture", "Enterprise Architecture", "Business Transformation", "Finite Element Analysis (FEA)", "Writing", "IT Strategy", "Communication", "Business Process", "Data Modeling"], "job_required_education": {"postgraduate_degree": false, "professional_certification": false, "high_school": false, "associates_degree": false, "bachelors_degree": true, "degree_mentioned": true, "degree_preferred": true, "professional_certification_mentioned": false}, "job_experience_in_place_of_education": false, "job_min_salary": null, "job_max_salary": null, "job_salary_currency": null, "job_salary_period": null, "job_highlights": {}, "job_job_title": "Data engineer", "job_posting_language": "en", "job_onet_soc": "15113200", "job_onet_job_zone": "4"}, {"employer_name": "Egen", "employer_logo": "https://encrypted-tbn0.gstatic.com/images?q=tbn:ANd9GcQxHt31k2LgdLMGH1SVR5x1R2BhMdxgMWIbm_VA&s=0", "employer_website": null, "employer_company_type": null, "job_publisher": "LinkedIn", "job_id": "hGaJyw17rh8AAAAAAAAAAA==", "job_employment_type": "FULLTIME", "job_title": "Senior Data Engineer", "job_apply_link": "https://ca.linkedin.com/jobs/view/senior-data-engineer-at-egen-3642771305", "job_apply_is_direct": false, "job_apply_quality_score": 0.5844, "job_description": "Egen is a data engineering and cloud modernization firm helping industry-leading companies achieve digital breakthroughs and deliver for the future, today. We are catalysts for change who create digital breakthroughs at warp speed. Our team of cloud and data engineering experts are trusted by top clients in pursuit of the extraordinary. An Inc. 5000 Fastest Growing Company 7 times, and recently recognized on the Crain\u2019s Chicago Business Fast 50 list, Egen has also been recognized as a Great Place to Work 4 times.\n\nYou will join a team of insatiably curious data engineers, software architects, and product experts who never settle for \"good enough\". Our Data Engineering teams build scalable data platforms and fault-tolerant pipelines for modern analytics and AI services using Python, SQL, Linux, Bash, and AWS, GCP, or Azure data storage and warehousing services.\n\nAs a Senior Data Engineer, you will be the subject matter expert in building event-driven data pipelines, supporting & solving data integration challenges, and cloud-native data warehouse and data lake processing.\n\nResponsibilities:\n\u2022 Lead and develop passionate data engineering teams to design and develop distributed and event-driven data pipelines with cloud-native data stores such as Snowflake, Redshift, Big Query, or ADW.\n\u2022 Design, document, and lead development of end-to-end data product pipelines\n\u2022 Consult business, product, and data science teams to understand end-user requirements or analytics needs to implement the most appropriate data platform technology and scalable data engineering practices.\n\u2022 Prepare data mapping, data flow, production support, and pipeline documentation for all projects.\n\u2022 Lead data engineering and/or operations teams in delivering completeness of source system data by performing a profiling analysis and triaging issues reported in production systems.\n\u2022 Facilitate fast and efficient data migrations through a deep understanding of design, mapping, implementation, management, and support of distributed data pipelines.\n\nWhat we're looking for:\n\u2022 Minimum of Bachelor\u2019s Degree or its equivalent in Computer Science, Computer Information Systems, Information Technology and Management, Electrical Engineering or a related field.\n\u2022 You have productionized real-time data pipelines through EDA leveraging Kafka or a similar service.\n\u2022 You know what it takes to build and run resilient data pipelines in production and have experience implementing ETL/ELT to load a multi-terabyte enterprise data warehouse.\n\u2022 You have a strong understanding and exposure to data mesh principles in building modern data-driven products and platforms\n\u2022 You have a strong background in distributed data warehousing with Snowflake, Redshift, Big Query, and/or Azure Data Warehouse.\n\u2022 You have expert programming/scripting knowledge in building and managing ETL pipelines using SQL, Python, and Bash.\n\u2022 You have implemented analytics applications using multiple database technologies, such as relational, multidimensional (OLAP), key-value, document, or graph.", "job_is_remote": false, "job_posted_at_timestamp": 1687881297, "job_posted_at_datetime_utc": "2023-06-27T15:54:57.000Z", "job_city": null, "job_state": "ON", "job_country": "CA", "job_latitude": 44.038376, "job_longitude": -79.2, "job_benefits": null, "job_google_link": "https://www.google.com/search?gl=us&hl=en&rciv=jb&q=data+engieer+and+data+analyst+in+cannada&start=0&chips=date_posted:today&schips=date_posted;today&ibp=htl;jobs#fpstate=tldetail&htivrt=jobs&htiq=data+engieer+and+data+analyst+in+cannada&htidocid=hGaJyw17rh8AAAAAAAAAAA%3D%3D", "job_offer_expiration_datetime_utc": "2023-07-27T15:54:57.000Z", "job_offer_expiration_timestamp": 1690473297, "job_required_experience": {"no_experience_required": false, "required_experience_in_months": null, "experience_mentioned": true, "experience_preferred": false}, "job_required_skills": ["Python (Programming Language)", "Django", "Microsoft Azure", "SQL", "Extract", "Transform", "Load (ETL)", "Snowflake", "Databases", "Google BigQuery", "Cloud Storage"], "job_required_education": {"postgraduate_degree": false, "professional_certification": false, "high_school": false, "associates_degree": false, "bachelors_degree": true, "degree_mentioned": true, "degree_preferred": false, "professional_certification_mentioned": false}, "job_experience_in_place_of_education": false, "job_min_salary": null, "job_max_salary": null, "job_salary_currency": null, "job_salary_period": null, "job_highlights": {}, "job_job_title": "Data engineer", "job_posting_language": "en", "job_onet_soc": "15113200", "job_onet_job_zone": "4"}, {"employer_name": "Altus Group", "employer_logo": "https://www.marketbeat.com/logos/altus-group-logo.jpg", "employer_website": "http://www.altusgroup.com", "employer_company_type": null, "job_publisher": "LinkedIn", "job_id": "VBO_9uM8i1cAAAAAAAAAAA==", "job_employment_type": "FULLTIME", "job_title": "Senior Data Engineer", "job_apply_link": "https://ca.linkedin.com/jobs/view/senior-data-engineer-at-altus-group-3645671441", "job_apply_is_direct": false, "job_apply_quality_score": 0.569, "job_description": "Job Category\n\nTechnology\n\nPay Range\n\n$66,605.00 - $155,405.00\n\nDisclaimer: The base salary range represents the low and high end of the Altus Group\u2019s salary range for this position in the primary work location. Actual salaries will vary depending on factors including but not limited to location, experience, and performance. The pay range listed above does not reflect Altus Group\u2019s total compensation for employees. Other rewards may include an annual bonus, flexible work arrangements, and many region-specific benefits.\n\nOpportunity Awaits at Altus Group!\n\nThe Opportunity\u202f\n\n\u202f\n\nWe are currently looking for a Senior Data Engineer to join our team. This is an essential role within our Research & Development Team. Our new Senior Data Engineer will create data and software systems that make commercial real estate information more accessible and actionable for our users, while tackling hard challenges everyday across several languages and problem spaces. Our engineers also play a major role in the future architecture of an expanding platform, and everyone on our team must play a role in building our technology roadmap.\u202f\n\n\u202f\n\nOur new Senior Data Engineer will:\u202f\u202f\u202f\n\u2022 Lead and collaborate with engineering team to design, build, and maintain our software systems\u202f\n\u2022 Write high quality code, participate actively in code reviews, and consistently help to ship software, mentor others, and grow culture and team\u202f\n\u2022 Work with Product team and other Engineers to maximize company ability to quickly leverage data and meet customers\u2019 needs\u202f\n\u2022 Deliver product features with high user value\u202f\n\u2022 Drive revenue through enhanced features and a reliable product\u202f\n\u2022 Achieve higher quality code every day (more reliable, scalable, performant, secure, etc.)\u202f\n\u2022 Minimize the impact of defects, user errors, and other aspects on our technical products\u202f\n\n\u202f\n\nOur new Senior Data Engineer will have:\u202f\u202f\u202f\n\u2022 The experience. 4+ years in a Senior Data Engineer capacity.\n\u2022 Experience building online SaaS software applications and services\u202f\n\u2022 Experience with complex data systems and large data sets\u202f\n\nData Collection\n\u2022 Build the infrastructure required for optimal extraction, transformation and loading of data from a wide variety of data sources using SQL, Python and AWS services (ie: Step Functions, Lambda, Glue, S3, Redshift)\n\u2022 Create and maintain optimal data pipeline architecture\n\u2022 Identify opportunities for automation within the data platform\n\nData Storage\n\u2022 Create data models based on business objectives to determine how data can be stored and organized to support business processes\n\u2022 Design and implement improvements to data structures or adding new features as needed to support changing business requirements\n\u2022 Design, develop, maintain and deploy business\u2019 data warehouse and datalake\n\nData Enrichment\n\u2022 Build and maintain the master data management service to act as a single source of truth for entity resolution\n\u2022 Collaborate with the data science team to understand and integrate predictive and prescriptive models onto the data platform\n\nData Consumption\n\u2022 Create derived domains based on ingested, enriched and mastered data sources\n\u2022 Experience working with any Cloud system like AWS, Azure, GCP.\u202f\n\u2022 AWS is preferrable with knowledge on\u202fLambda, S3, AWS Simple Notification services (SNS), RDS\n\u2022 Serverless experience\u202f\u202f\n\u2022 CI/CD experience with any deployment tools like Jenkins, ADO\u202f\n\u2022 Jenkins / Jenkins-pipeline-script\n\u2022 Unit and Integration Testing\n\u2022 GITHUB as source control and/or experience of working with ADO\n\u2022 Performing peer code review\n\nWho you are\u202f\u202f\n\u2022 Team Player. You are always looking to build better software through collaboration while also motivating the team by sharing own success and failures.\u202f\n\u2022 Constant Learner. You have the drive to seek new technologies, platforms, and approaches to solve software problems that will ultimately better themselves.\u202f\n\u2022 Results Oriented. You get work done efficiently, do what it takes to achieve commitments, and help everyone resolve user facing issues as quickly as possible.\u202f\n\u2022 Attention to Detail. You get it right the first time, avoid unforeseen defects, and focus on user impact.\u202f\n\u2022 Experience of agile development methodologies\n\nCome realize your potential at Altus Group!\n\nAltus Group is committed to fostering an inclusive and accessible environment where employees feel valued and respected, and where every employee has the opportunity to realize their potential. We are committed to providing reasonable accommodations, if required, and will work with you to meet your needs. If you are a person with a disability and require assistance during the application process, please contact us at accessibility@altusgroup.com or 416-641-9500.", "job_is_remote": false, "job_posted_at_timestamp": 1687880742, "job_posted_at_datetime_utc": "2023-06-27T15:45:42.000Z", "job_city": "Toronto", "job_state": "ON", "job_country": "CA", "job_latitude": 43.653225, "job_longitude": -79.38319, "job_benefits": null, "job_google_link": "https://www.google.com/search?gl=us&hl=en&rciv=jb&q=data+engieer+and+data+analyst+in+cannada&start=0&chips=date_posted:today&schips=date_posted;today&ibp=htl;jobs#fpstate=tldetail&htivrt=jobs&htiq=data+engieer+and+data+analyst+in+cannada&htidocid=VBO_9uM8i1cAAAAAAAAAAA%3D%3D", "job_offer_expiration_datetime_utc": "2023-07-27T15:45:42.000Z", "job_offer_expiration_timestamp": 1690472742, "job_required_experience": {"no_experience_required": false, "required_experience_in_months": 48, "experience_mentioned": true, "experience_preferred": false}, "job_required_skills": null, "job_required_education": {"postgraduate_degree": false, "professional_certification": false, "high_school": false, "associates_degree": false, "bachelors_degree": true, "degree_mentioned": true, "degree_preferred": false, "professional_certification_mentioned": false}, "job_experience_in_place_of_education": false, "job_min_salary": null, "job_max_salary": null, "job_salary_currency": null, "job_salary_period": null, "job_highlights": {}, "job_job_title": "Data engineer", "job_posting_language": "en", "job_onet_soc": "15113200", "job_onet_job_zone": "4"}, {"employer_name": "BCJobs", "employer_logo": "https://encrypted-tbn0.gstatic.com/images?q=tbn:ANd9GcRSZ4KD-YzJJQBQFGUGN1K2nUQ8L5M67teF6Cjd&s=0", "employer_website": null, "employer_company_type": null, "job_publisher": "LinkedIn", "job_id": "Akhj48dquY4AAAAAAAAAAA==", "job_employment_type": "FULLTIME", "job_title": "Data Engineer (Equest)", "job_apply_link": "https://ca.linkedin.com/jobs/view/data-engineer-equest-at-bcjobs-3645429412", "job_apply_is_direct": false, "job_apply_quality_score": 0.5464, "job_description": "Data Engineer\n\nSurrey (King George Hub), BC, 13630 George Jct #115, Surrey, British Columbia, Canada Req #1222\n\nThursday, August 25, 2022\n\nWe're searching for a Data Engineer. Are you searching for new possibilities?\n\nWestland Insurance Group Ltd. has an exciting opportunity for a Data Engineer located in our brand new hybrid head office in Surrey, BC. As an early hire on a new team, your impact will be significant. You will collaborate with leaders across the organization to influence and execute on an ambitious analytics roadmap that extends across insurance operations, marketing, finance, and other departments.\n\nDiscover What's Possible, With Westland.\n\nThe Westland story is all about growth, and that means plenty of possibility for everyone on our team. Every day, Westland proves that building a great business means taking care of communities, clients, and each other with equal commitment. As we continue to open new doors, we're inviting amazing people like you to join us.\n\nAs a Data Engineer, you have the unique opportunity to lead an ambitious data analytics roadmap that will extend across operations, marketing, finance, human resources, and other departments.\n\nInterested in learning more?\n\nWhy You'll Love Westland\n\u2022 An open, flexible and welcoming workplace\n\u2022 Plenty of opportunities to grow and learn\n\u2022 Autonomy to own your own success\n\u2022 Total rewards program that takes care of your financial, physical, and mental health\n\u2022 Amplifying Communities, a program to support causes that matter most to our employees\n\nWhy We'll Love You\n\u2022 You're curious about the business and love learning about best practices and tools, identifying opportunities to implement improvements\n\u2022 Expertise in building cloud-based data pipelines, ideally with Azure and/or Databricks\n\u2022 Deep experience with SQL, Python/R, git, dbt, Spark/Databricks\n\u2022 Minimum seven years' experience working with data lakes, marts, and/or warehouses\n\u2022 Bonus! Familiarity with Azure Synapse, experience with business intelligence tools such as PowerBI and Tableau, and experience in P&C insurance\n\nOnce Here, You'll\n\u2022 Be a contributing member of our inclusive culture, alongside an extraordinarily talented community of people with a wide variety of backgrounds.\n\u2022 Work closely with the data science and business intelligence teams to develop data models and pipelines for research, reporting, and machine learning\n\u2022 Work collaboratively with infrastructure and networking teams to access and manage disparate data sources\n\u2022 Continuously seek out and identify areas to improve data engineering practices, data quality, and processes\n\nWant to get to know each other better? Send your resume our way.\n\nYou belong here\n\nWe strive to be much more than a great place to work. Here, you join a collective of incredibly vibrant, purpose driven, and open-minded people. Every day, Westland proves that building a great business means taking care of communities, clients, and each other with equal commitment. You will be supported and respected for who you are and for the voice you add to the conversation.\n\nAt Westland, you will feel the power of community. Westland Insurance Ltd. is an inclusive organization that values diversity in its workforce. We listen, champion equity and diversity, and create safe welcoming spaces where everyone has a voice and is free to be themselves. Westland Insurance Ltd. encourages applications from all qualified individuals and will accommodate applicants' disability-related needs, up to the point of undue hardship, throughout all stages of the recruitment and selection process.\n\nIf you require a disability-related accommodation in order to participate in the recruitment process, please contact the recruitment team by email at careers@westlandinsurance.ca\n\nApply Now\n\ninitStaticMap(true); {\"@context\":\"https://schema.org/\",\"@type\":\"JobPosting\",\"title\":\"Data Engineer \",\"datePosted\":\"2022-08-25T00:00:00\",\"validThrough\":null,\"description\":\"We're searching for a Data Engineer. Are you searching for new possibilities? Westland Insurance Group Ltd. has an exciting opportunity for a Data Engineer located in our brand new hybrid head office in Surrey, BC. As an early hire on a new team, your impact will be significant. You will collaborate with leaders across the organization to influence and execute on an ambitious analytics roadmap that extends across insurance operations, marketing, finance, and other departments. Discover what's possible, with Westland. The Westland story is all about growth, and that means plenty of possibility for everyone on our team. Every day, Westland proves that building a great business means taking care of communities, clients, and each other with equal commitment. As we continue to open new doors, we're inviting amazing people like you to join us. As a Data Engineer, you have the unique opportunity to lead an ambitious data analytics roadmap that will extend across operations, marketing, finance, human resources, and other departments. Interested in learning more? Why you'll love Westland:\n\u2022 An open, flexible and welcoming workplace\n\u2022 Plenty of opportunities to grow and learn\n\u2022 Autonomy to own your own success\n\u2022 Total rewards program that takes care of your financial, physical, and mental health\n\u2022 Amplifying Communities, a program to support causes that matter most to our employees Why we'll love You:\n\u2022 You're curious about the business and love learning about best practices and tools, identifying opportunities to implement improvements\n\u2022 Expertise in building cloud-based data pipelines, ideally with Azure and/or Databricks\n\u2022 Deep experience with SQL, Python/R, git, dbt, Spark/Databricks\n\u2022 Minimum seven years' experience working with data lakes, marts, and/or warehouses\n\u2022 Bonus! Familiarity with Azure Synapse, experience with business intelligence tools such as PowerBI and Tableau, and experience in P&C insurance Once here, you'll:\n\u2022 Be a contributing member of our inclusive culture, alongside an extraordinarily talented community of people with a wide variety of backgrounds.\n\u2022 Work closely with the data science and business intelligence teams to develop data models and pipelines for research, reporting, and machine learning\n\u2022 Work collaboratively with infrastructure and networking teams to access and manage disparate data sources\n\u2022 Continuously seek out and identify areas to improve data engineering practices, data quality, and processes Want to get to know each other better? Send your resume our way. \",\"employmentType\":\"FULL_TIME\",\"hiringOrganization\":{\"@type\":\"Organization\",\"name\":\"...\",\"logo\":\"https://can62e2.dayforcehcm.com/CandidatePortal/en-US/westlandcorp/Go?item=396baccc-da98-4085-a157-239b26f73142\"},\"jobLocation\":({\"@type\":\"Place\",\"address\":{\"@type\":\"PostalAddress\",\"streetAddress\":\"13630 George Jct #115\",\"addressLocality\":\"Surrey\",\"addressRegion\":\"British Columbia\",\"postalCode\":\"V3T 0R1\",\"addressCountry\":\"CAN\"}}),\"jobLocationType\":null,\"baseSalary\":{\"@type\":\"MonetaryAmount\",\"value\":{\"@type\":\"QuantitativeValue\",\"value\":null,\"minValue\":null,\"maxValue\":null,\"unitText\":\"\"}}}\n\u2022 Surrey (King George Hub), BC, 13630 George Jct #115, Surrey, British Columbia, Canada\n\nValue", "job_is_remote": false, "job_posted_at_timestamp": 1687841039, "job_posted_at_datetime_utc": "2023-06-27T04:43:59.000Z", "job_city": "Surrey", "job_state": "BC", "job_country": "CA", "job_latitude": 49.191345, "job_longitude": -122.849014, "job_benefits": null, "job_google_link": "https://www.google.com/search?gl=us&hl=en&rciv=jb&q=data+engieer+and+data+analyst+in+cannada&start=0&chips=date_posted:today&schips=date_posted;today&ibp=htl;jobs#fpstate=tldetail&htivrt=jobs&htiq=data+engieer+and+data+analyst+in+cannada&htidocid=Akhj48dquY4AAAAAAAAAAA%3D%3D", "job_offer_expiration_datetime_utc": "2023-07-27T04:43:59.000Z", "job_offer_expiration_timestamp": 1690433039, "job_required_experience": {"no_experience_required": false, "required_experience_in_months": 84, "experience_mentioned": true, "experience_preferred": false}, "job_required_skills": null, "job_required_education": {"postgraduate_degree": false, "professional_certification": false, "high_school": false, "associates_degree": false, "bachelors_degree": true, "degree_mentioned": true, "degree_preferred": false, "professional_certification_mentioned": false}, "job_experience_in_place_of_education": false, "job_min_salary": null, "job_max_salary": null, "job_salary_currency": null, "job_salary_period": null, "job_highlights": {}, "job_job_title": "Data engineer", "job_posting_language": "en", "job_onet_soc": "15113200", "job_onet_job_zone": "4"}]