employer_website,job_id,job_employment_type,job_title,job_apply_link,job_description,job_city,job_country,job_posted_at_timestamp,employer_company_type
,kSFnXlbMC_sAAAAAAAAAAA==,FULLTIME,Data Engineer,https://ca.linkedin.com/jobs/view/data-engineer-at-tingono-3640914311,"About This Role: We are looking for a data engineer to join a motivated team building a SaaS enterprise platform from the ground up. You will be working directly with the CTO and head of Data Science to architect a solution that meets our customer requirements, design, develop, and deploy code, and help drive successful development practices as an early engineer.

Job Description:
• Gather and assess product requirements and lead data discovery calls directly with customers
• Prepare data for analysis (normalize, filter, cleanse)
• Use SQL scripts, including complex querying, views, stored procedures to transform data into formats that can be consumed through ETL processes
• Write code that is easy for other engineers to understand and expand on, through technology/library choices, code style (readability), and documentation
• Collaborate with other engineers on interface development, code reviews and implementation designs
• Test, debug and support developed features
• Participate in our ticket tracking system, regular standups and sprint planning
• Participate in product discussions, influence the roadmap, and take ownership and responsibility over new projects to make them happen

Requirements:
• BS or MS in Computer Science or equivalent experience
• 2+ years of industry experience on data engineering projects
• Experience with SQL, Python
• Working knowledge of Datawarehouses like Redshift, Snowflake, Databricks
• Experience with data analysis using machine learning is a plus
• Familiarity with AWS cloud services, Docker, EKS/Containers is a plus
• Located in or is willing to relocate to Vancouver, Canada
• Canadian work authorization required",Vancouver,CA,1687671362,
http://www.veeva.com,LgYicLpBjkkAAAAAAAAAAA==,FULLTIME,Principal Data Engineer,https://ca.linkedin.com/jobs/view/principal-data-engineer-at-veeva-systems-3645306616,"Veeva Systems is a mission-driven organization and pioneer in industry cloud, helping life sciences companies bring therapies to patients faster. As one of the fastest-growing SaaS companies in history, we surpassed $2B in revenue in our last fiscal year with extensive growth potential ahead.

At the heart of Veeva are our values: Do the Right Thing, Customer Success, Employee Success, and Speed. We're not just any public company – we made history in 2021 by becoming a public benefit corporation (PBC), legally bound to balancing the interests of customers, employees, society, and investors.

As a Work Anywhere company, we support your flexibility to work from home or in the office, so you can thrive in your ideal environment.

Join us in transforming the life sciences industry, committed to making a positive impact on its customers, employees, and communities.

The Role

We are looking for an experienced and hands-on Senior/Principal Data Engineer who is a self-starter, loves solving technical challenges, and has prior experience working on a variety of engineering projects in an energizing environment. You should have extensive expertise in Data Engineering in an Enterprise context. In this role, you will be focused on building industry-leading Enterprise Content Management applications and services on our multi-tenant, highly scalable cloud platform.

What You'll Do
• You get to play with the latest technologies in the Cloud and keep your skills current while you innovate
• The opportunity to lead, design, implement and own key Data Engineering initiatives with our team in Toronto
• Work in a small team environment within a highly successful company that is growing fast
• Directly collaborate with all product stakeholders and drive multiple features to successful delivery

Requirements
• 8+ years of Data Engineering experience
• Deep understanding of Data Warehousing in the Cloud (Redshift, Snowflake)
• Expert level SQL
• Strong experience with data-pipelines, ETL, and ETL tools (Airflow, Glue, Spark)
• Expert knowledge of large database design and optimizations
• Strong experience with Python
• Experience in Dimensional Modeling and OLAP
• Technical leadership and mentorship experience

Nice to Have
• Experience with various BI tools (Tableau, Power BI, Apache Superset)
• Experience developing Complex Reports
• AWS Data-related experience (Redshift, Athena, Glue)
• Java development experience
Learn More
• Engineer Perspective: 3 Reasons to Consider Veeva
• Engineering at Veeva

#BI-Remote Veeva’s headquarters is located in the San Francisco Bay Area with offices in more than 15 countries around the world. Veeva is an equal opportunity employer. All qualified applicants will receive consideration for employment without regard to race, color, sex, sexual orientation, gender identity or expression, religion, national origin or ancestry, age, disability, marital status, pregnancy, protected veteran status, protected genetic information, political affiliation, or any other characteristics protected by local laws, regulations, or ordinances. If you need assistance or accommodation due to a disability or special need when applying for a role or in our recruitment process, please contact us at talent_accommodations@veeva.com.",,CA,1687663246,Computer Services
http://www.spectrumhealthcare.com,UYfrakl5JIIAAAAAAAAAAA==,FULLTIME,Digital Health Data Analyst,https://ai-jobs.net/job/55921-digital-health-data-analyst/,"Company DescriptionSpectrum Health Care is hiring a Digital Health Data Analyst to join our team in Toronto. In this role you will be the lead on digital health initiatives by working with stakeholders to develop standards and processes for integration projects and analytics involving big data modelling in healthcare data systems. Our people are the cornerstone of our business. By joining Spectrum Health Care you will be part of one of Canada’s Best Managed companies and a committed member of a team of highly skilled healthcare professionals. At Spectrum Health Care our mission is re-imagining home care for clients and families to provide products and services they need, whenever care is required, delivered by the most qualified and compassionate staff. Job DescriptionDesign and implement the infrastructure required for integration, optimal extraction, transformation, and loading of data from a wide variety of data sources using SQL, NoSQL, SAAS APIs, on-premises or cloud, including ‘big data’ technologiesLead digital initiatives, project planning, scope and work with stakeholders to define business requirements and translate them to technical specifications.Prepare analytical datasets (ADS) to support the data science and modeling/AI team in building and deploying statistical models (e.g., predictive models).Develops standards and processes for integration projects and initiatives.Delivers big data and batch/real-time analytical solutions that leverage emerging technologies.Support all data solutions are consistent and ensure all automated processes preserve data by managing the alignment of data availability and integration processes.QualificationsBachelor’s Degree (BA/BS) in Business, Statistics, Analytics, Computer Science or related major2-4 years of experience in related analytical, business systems or data engineering fieldsExpert SQL proficiency with proven competencies in designing well-architected data models is an assetUnderstanding of high performance data science algorithmsExperience working with large datasets, using strong analytical skills with the ability to collect, organize, analyze, and disseminate significant amounts of informationUnderstanding of and experience using analytical concepts and statistical techniques: hypothesis development, designing tests/experiments, analyzing data, and developing actionable recommendations for business unitsAdditional InformationSpectrum Health Care is thrilled to be named one of Canada’s Best Managed Companies. This award recognizes top companies across Canada for overall performance, sustained growth, strategy, capabilities and innovation, culture and commitment, and leadership. Click here to learn more about this esteemed honour. We thank all applicants, however, only those individuals selected for interviews will be contacted.In accordance with the Accessibility for Ontarians with Disabilities Act 2005, upon request, support will be provided for accommodations throughout the recruitment process.If you require accommodation because of disability through the recruitment process, please contact Human Resources at (corphr@spectrumhealthcare.com) for assistance.",Toronto,CA,1687668308,
,6tBXBaHHYlcAAAAAAAAAAA==,FULLTIME,IT Data Engineering,https://ca.linkedin.com/jobs/view/it-data-engineering-at-energy-jobline-3644091262,"Airswift is working with a prestigious oil and gas company to find a Data Engineer to join their team on a 3-months contract. Main duties include:
• Translate business needs to technical specifications by transforming and selecting features for modeling data
• Use exploratory data analysis techniques to identify meaningful relationships, patterns, or trends from complex data sets
• Classify unlabeled data or predict into the future with applied statistics and machine learning algorithms
• Communicate data analysis and findings through effective data visualizations
• Deliver analytic and data engineering solutions including coding and design support
• Run & maintain data models from the central platform, including but not limited, to valve analytics, pump analytics, and corrosion monitoring
• Mentor site staff in analytic tool usage & skill development
• Collaborate with teams to integrate systems
• Connecting to data sources, importing data, and transforming data for Business Intelligence.
• Develop and execute database queries and conduct analyses
• Responsible for design methodology and project technical documentation",Fort Saskatchewan,CA,1687688478,
http://www.mckinsey.com,4GJTDg7UpKcAAAAAAAAAAA==,FULLTIME,Manager of Data Science,https://ca.bebee.com/job/20230625-3ed6d5aa30d8148f79088f8898007ec7,"You will be based in one of our North America locations as part of our Global Banking Team. You will work across the region, as a cloud data science and engineering solutions architect leader. You will work closely with our clients, data engineers and McKinsey consultants on interdisciplinary projects, using math, stats and machine learning to derive structure and knowledge from raw data in the global banking sector. This hybrid client-facing/technical role will allow you to use state of the art technologies to solve highly impactful business problems, whilst also leveraging your strong communication skills to convey complex intractable ideas to non-technical audiences.Working in the Chief Data and Analytics Office, you will assist with mobilizing data assets in close collaboration with client service teams including direct client access. You will assist the Global Banking Practice to adapt and transform its data ecosystems in response to rapid technology innovation in digital Big Data, blockchain, robotics, cognitive learning and automation while ensuring that the assets are fully compliant with firm's risk practices. Key responsibilities will include designing and delivering Cloud Data Analytics solutions using Azure, GCP and Snowflake Data technologies. You will create synergies between business and technology functions and align efforts to enable measurable business outcomes. You will be working within a project management/agile delivery methodology in a leading role as part of a wider team. You will manage practice building activities including recruiting, training and mentoring. You will play an active leading role in managing pre-sales and bid activities and provide subject matter expertise in solution design, time and resource estimations and planning. You will work with client teams to design and implement modern, scalable data solutions using a range of new and emerging technologies from the GCP / Azure / AWS Cloud Platforms. You will establish and govern an enterprise data governance implementation roadmap including strategic priorities for development of information-based capabilities. You will deal with other stakeholders and end users in the data science and engineering development lifecycle – PMs, BAs, testing etc.
• Advanced graduate degree typically required (e.g., Masters, PhD preferred, etc.)
• 8+ years of relevant technical experience in data & analytics functions. Bank/financial institution experience preferred but not a pre-requisite
• Hands-on experience architecting and delivering solutions using the Azure Data Analytics platform
• Domain experience - deep knowledge and understanding of analytical tools, technology platforms, products and its use in banking & securities sector
• Experienced working with cross functional teams, Data Scientists/Analysts and Business Managers in building Data Science and Data Engineering practice from the ground up
• Experience working with Snowflake, Databricks Lakehouse, Apache Spark, Hadoop, NoSQL, Kafka, Airflow
• Experienced in choosing SAAS, PAAS, IAAS technologies as per solution requirements
• Lead large sales pursuits with focus on data lake, data lakehouse and data warehouse solutions
• Visionary - deflect potential problems and develop innovative, via ability to communicate complex ideas effectively
• Collaborative - willingness to serve as a ""bridge builder"" and facilitator to traverse divisional silos",Toronto,CA,1687696442,Consulting
http://www.irissoftware.com,teqXrM1ekVkAAAAAAAAAAA==,CONTRACTOR,Data Engineer,https://ca.bebee.com/job/20230625-3005ca64cc0d1e808017b5e578a5ed9c,"Iris's client, one of the world's prominent financial services company is looking to hire a strong Data Engineer for a long term contract opportunity.

Iris's client is one of the world's prominent financial services companyOur client is a Global financial services firm and a market leader in securities, asset management and credit services.

Position:

Data Engineer Location:
Mississauga, ON (hybrid)

REQUIRED SKILLS:
• Scala & PySpark Development experience
• Managing Data security, compliance
• Managing data governance and data lifecycle
• Work experience with the Map Reduce programming model and technologies such as Hadoop, Hive, Pig, etc.
• Demonstrated work experience with the Hadoop Distributed File System (HDFS);
• Demonstrated work experience with Serialization such as JSON and/or

BSON DESIRED SKILLS:
• Cloud developer certification (Hadoop, Cloudera, other)
• Jupyter Notebook experience
• Data science techniques
• Natural language processing experience
• Docker experience
• Kubernets experience",Mississauga,CA,1687668437,Computer Services
http://www.orionworldwide.com,hlmiQyp-J-oAAAAAAAAAAA==,FULLTIME,Mediabrands - Data Analyst & Developer roles (General Application),"https://www.ziprecruiter.com/c/Orion-Worldwide/Job/Mediabrands-Data-Analyst-&-Developer-roles-(General-Application)/-in-Toronto,ON?jid=989eb14791abceb9","Description & Requirements Position Summary Interested in joining Mediabrands? This job post is a general application for Data Analyst and Developer opportunities at Mediabrands. Working with an established Data & Tech team, Data Analysts and Developers are responsible for providing reporting and data management assistance to Mediabrands Canada's internal and external clients.

Data Analyst and Developer opportunities range from: Jr. Decision Science Analyst Jr. Data Analyst Jr.

Business Intelligence Developer Audience & Analytics Coordinator Analyst, Decision Science Data Analyst Business Intelligence Developer Analyst, Audience & Analytics Sr. Decision Science Analyst Sr. Data Analyst Sr.

Business Intelligence Developer Senior Analyst, Audience & Analytics Key Responsibilities Work with Data & Technology Solutions Team teams on continued support and maintenance of existing dashboards and data feeds Provide Ad Hoc Analysis of data sources and decide on best way to incorporate them into reports and dashboards Identify and troubleshoot issues with existing processes and fix issues as and when then occur Liaise with Data Providers to ensure data feeds are always online and working consistently Create reports and dashboards within Tableau using the best data visualization techniques Make recommendations for improvements in dash-boarding and reporting to management Develop a thorough understanding of existing processes and client needs Liaise with a variety of internal stakeholders Desired Skills & Experience MS SQL Server Scripting - selecting, joining, aggregating, debugging & creating views and procedures Strong understanding of RDBMs systems - specifically reporting Strong problem solving, business analysis and quantitative skills Strong communication skills (verbal & written); ability to provide concise, clear reporting and actionable analysis Ability to pull data from multiple sources and formulate comprehensive and actionable reports Proven ability to self-check work to ensure results are error-free Ability to plan, organize and work on multiple tasks simultaneously Proficiency with MS Excel & Powerpoint Post-secondary education in Marketing, Advertising, Social Sciences, Computer Sciences or related fields (Nice to have) Experience with Business Intelligence, Tableau, Data Visualization, Python, and R (Nice to have) What do we prioritize at Mediabrands & Kinesso Canada? Putting People First. Investing in Your Career Growth: 42% of staff across Canada were promoted last year.

With a network of agencies in Canada and over 130 offices worldwide, we support your professional goals locally and globally. #likeaboss Promoting Flexible Working: A hybrid workweek that works for you! Prefer to work from another country?

We have the opportunity to work from anywhere in the world for 6 weeks each year. #youdoyou Prioritizing Your Wellbeing: We start with a minimum of 37 paid days off including vacation and monthly wellness days. We also have 4-day long weekends year-round, meeting-free Friday afternoons, half-day summer Fridays, competitive benefits, RRSP matching, and more.

Mental health training is provided for everyone and we have certified Mental Health First Aiders on staff to offer support. #selfcarematters Building a Community Where Everyone Belongs: Leading the industry in our efforts to increase representation, celebrate uniqueness, and build community, we always look for new ways to foster a sense of belonging through our culture, our partnerships and our work. #youbelong Embracing Challenging Projects: We offer opportunities to be involved with memorable, collaborative and engaging media campaigns for internationally recognized brands.

Our work is reflective of the passion, agility, curiosity and drive of individuals across Mediabrands and Kinesso. #winningtogether Employment Transparency IPG Mediabrands is an equal opportunity employer. We welcome and encourage applications from all interested parties, regardless of their preferred official language.

Accommodations are available, upon request, for individuals with disabilities or medical needs at any stage of the recruitment process. We thank all applicants for their interest in IPG Mediabrands. However, only those candidates selected for an interview will be contacted.",Toronto,CA,1687671540,
http://www.exlservice.com,6i3v_lrIzzsAAAAAAAAAAA==,FULLTIME,Senior Data Engineer,https://ca.bebee.com/job/20230625-796036f710398ba9e13f1a4775749f7b,"EXL Analytics is looking for a Senior Data Engineer to join the team.

EXL (NASDAQ:EXLS) is a global analytics and digital solutions company that partners with clients to improve business outcomes and unlock growth. Bringing together deep domain expertise with robust data, powerful analytics, cloud, and AI, we create agile, scalable solutions and execute complex operations for the world's leading corporations.

EXL Analytics provides data-driven, action-oriented solutions to business problems through statistical data mining, cutting edge analytics techniques and a consultative approach. Leveraging proprietary methodology and best-of-breed technology, EXL Analytics takes an industry-specific approach to transform our clients' decision making and embed analytics more deeply into their business processes. Our global footprint of nearly 2,000 data scientists and analysts assist client organizations with complex risk minimization methods, advanced marketing, pricing and CRM strategies, internal cost analysis, and cost and resource optimization within the organization. EXL Analytics serves the insurance, healthcare, banking, capital markets, utilities, retail and e-commerce, travel, transportation and logistics industries.

Please visit for more information about EXL Analytics.

Job Description:

Role Overview:

We are looking for a go-getter person who can define:

· Data strategies to meet the demands of business requirements

· Technical requirements of the organizational data needs from diverse teams

· Data architecture, models and go-forward data solutions for various teams of the organization

· The person will be part of the Data Solutions team for a major Insurance client. He/ She will work with different stakeholders as SME for data engineering; A typical workday will involve working with stakeholders in individual contributor.

· Engages in technical problem solving across multiple technologies; often develop new solutions and recommend technologies that can be leveraged to create data solutions

· You will develop, construct, test, and maintain data architectures for data platform, database and analytical/reporting systems.

· You will partner with other technology platform teams to leverage innovative and new technology for delivering solutions that best fit internal data needs for various analytical solutions

· You will handle codes independently, manage them and also guide other team members around its development/management

Key Responsibilities & Skillsets:

· Common Skillsets:

o 5+ years of experience in Data Engineering: SQL, DWH (Redshift or Snowflake), Python (PySpark), Spark and associated data engineering jobs.

o Experience with building and supporting cloud based ETL (Extract Transform Load) Data Pipelines

o Excellent communication & presentation skills

o Should be able to work on a problem independently and prepare client ready deliverable with minimal or no supervision

o Experience with working in an agile environment, development life cycle and with diverse stakeholders (like IT, Business, Project Managers etc)

o Experience with any cloud environment is a plus (Not mandatory)

· Data Management Skillsets:

o Ability to develop, enhance data models and identify ETL optimization opportunities. Exposure to ETL tools is going to help in the work

o Should have strong grasp of advanced SQL functionalities (joins, nested query, procedures, PL/SQL)

o Strong grasp of python libraries and concepts around PySpark, Numpy, Pandas, functions, constructors etc

o Strong ability to translate functional specifications / requirements to technical requirements

Candidate Profile:

· Bachelor's/Master's degree in economics, mathematics, actuarial sciences, computer science/engineering, operations research or related analytics areas; candidates with BA/BS degrees in the same fields from the top tier academic institutions are also welcome to apply

· Strong and in-depth understanding of DE Fundamentals

· Exposure on designing ETL data pipelines and data analysis

· Exposure on end-to-end data lifecycle management

· Superior analytical and problem-solving skills

· Outstanding written and verbal communication skills

· Able to work in fast pace continuously evolving environment and ready to take up uphill challenges

· EXL Analytics offers an exciting, fast paced and innovative environment, which brings together a group of sharp and entrepreneurial professionals who are eager to influence business decisions. From your very first day, you get an opportunity to work closely with highly experienced, world class analytics consultants.

· You can expect to learn many aspects of businesses that our clients engage in. You will also learn effective teamwork and time-management skills - key aspects for personal and professional growth

· Analytics requires different skill sets at different levels within the organization. At EXL Analytics, we invest heavily in training you in all aspects of analytics as well as in leading analytical tools and techniques.

· We provide guidance/ coaching to every employee through our mentoring program wherein every junior level employee is assigned a senior level professional as advisors.

· Sky is the limit for our team members. The unique experiences gathered at EXL Analytics sets the stage for further growth and development in our company and beyond.

EEO/Minorities/Females/Vets/Disabilities

Please be aware that EXL requires all employees to be vaccinated for COVID-19. This position will require the successful candidate to obtain and show proof of a vaccination. EXL is an equal opportunity employer, and will provide reasonable accommodation to those individuals who are unable to be vaccinated consistent with federal, state, and local law.

Base Salary Range Disclaimer: The base salary range represents the low and high end of the EXL salary range for this position. Actual salaries will vary depending on factors including but not limited to: location and experience. The base salary range listed is just one component of EXL's total compensation package for employees. Other rewards may include bonuses, a Paid Time Off policy, and many region-specific benefits",Toronto,CA,1687672326,Computer Services
,8Lra6Nyk9vcAAAAAAAAAAA==,FULLTIME,IT Data Visualisation Engineer,https://ca.linkedin.com/jobs/view/it-data-visualisation-engineer-at-energy-jobline-3644088402,"Airswift is working with a prestigious oil and gas company to find a Data Engineer to join their team on a 3-months contract.

Main Duties Include
• Translate business needs to technical specifications
• Designing, developing, and maintaining Power BI solutions
• Presenting information through reports and visualizations
• Coach and mentor site staff in data visualization tool usage & skill development
• Evaluate and improve existing PowerBI solutions
• Collaborate with teams to integrate systems
• Connecting to data sources, importing data, and transforming data for Business Intelligence.
• Develop and execute database queries and conduct analyses
• Responsible for design methodology and project technical documentation",Fort Saskatchewan,CA,1687688480,
,PggXycjhiHUAAAAAAAAAAA==,FULLTIME,Data Engineer,https://ca.bebee.com/job/20230625-bb65a1481c263635f6cce7914141edb6,"Responsibilities
:
• Understand the business requirements and processes around advanced analytics model execution.
• Develop end-to-end data pipelines from ingestion to visual analytics with Python, SQL and Snowflake.
• Experience on Matillion Studio is Preferred.
• Good to have experience in Airflow.
• Manage, enhance, maintain and support our Snowflake-based data lake.
• Support our business intelligence developers to provide stunning visual analytics.
• Develop, maintain and support our library of analytical functions written in Python, SQL and Snowflake.
• Participate in our fast-paced, agile data iteration to deliver new capabilities in a timely manner.
• Leverage key features of Snowflake for processing, entitlements, ingestion, transformation and data sharing.
• Collaborate with data scientists, financial data analysts, software engineers and other data engineers to implement powerful solutions that leverage cloud, big data, NLP and ML.
• Build machine learning models with advanced analytics techniques to extend our capabilities and deliver new business value.
• Capture and present data-driven business insights.
• Establish scalable, efficient, automated processes for large scale data analyses, model development, model validation and model implementation.
• Work closely with software engineering teams to drive real-time model implementations and new feature creations.
• Leverage existing data sources, identify and mine data from new sources, identify opportunities for and execute primary data gathering efforts, and provide recommendations on scaling new methods more broadly.

Requirements
• University degree or equivalent in data analytics, statistics, math, or computer science, with a minimum of 3 years relevant experience.
• Excellent knowledge of Python and SQL.
• Experience in big data processing and the development of Python and SQL for large amounts of data.
• Considerable experience with unit and integration testing.
• Excellent analytical, storytelling, and problem-solving skills.
• Ability to translate/communicate analytics recommendations to both technical and nontechnical team members.
• Strong understanding of quantitative (univariate and multivariate) analysis techniques.
• Experience with predictive modelling and machine learning.
• Strong experience with statistical analytical techniques, data mining, machine learning, and predictive models using Python, R or similar tools
• Experience using scripting language for collecting, organizing and manipulating data.
• Ability to work with data with significant ambiguity, develop creative approaches to analytical problems, and interpret data and results from a business/industry perspective

Benefits
• Competitive Salary
• Healthcare Benefits Package
• Career Growth",Brampton,CA,1687711167,
